-- phpMyAdmin SQL Dump
-- version 4.6.4
-- https://www.phpmyadmin.net/
--
-- Client :  127.0.0.1
-- Généré le :  Dim 05 Mars 2017 à 15:05
-- Version du serveur :  5.7.14
-- Version de PHP :  5.6.25

SET SQL_MODE = "NO_AUTO_VALUE_ON_ZERO";
SET time_zone = "+00:00";


/*!40101 SET @OLD_CHARACTER_SET_CLIENT=@@CHARACTER_SET_CLIENT */;
/*!40101 SET @OLD_CHARACTER_SET_RESULTS=@@CHARACTER_SET_RESULTS */;
/*!40101 SET @OLD_COLLATION_CONNECTION=@@COLLATION_CONNECTION */;
/*!40101 SET NAMES utf8mb4 */;

--
-- Base de données :  `madera_mmb`
--

-- --------------------------------------------------------

--
-- Structure de la table `client`
--

CREATE TABLE `client` (
  `refClient` varchar(20) NOT NULL,
  `nom` varchar(45) NOT NULL,
  `prenom` varchar(45) NOT NULL,
  `adresse` varchar(125) NOT NULL,
  `codePostal` int(5) NOT NULL,
  `ville` varchar(50) NOT NULL,
  `email` varchar(50) NOT NULL,
  `telephone` varchar(20) NOT NULL,
  `dateCreation` varchar(25) NOT NULL,
  `dateModification` varchar(25) NOT NULL
) ENGINE=InnoDB DEFAULT CHARSET=utf8;

--
-- Contenu de la table `client`
--

INSERT INTO `client` (`refClient`, `nom`, `prenom`, `adresse`, `codePostal`, `ville`, `email`, `telephone`, `dateCreation`, `dateModification`) VALUES
('687R6198', 'Bolzinger', 'Gabriel', '598 Rue du pont', 31340, 'Toulouse', '', '0549685495', '00-00-00', '00-00-00'),
('6987T863', 'Chevalier', 'Chritophe', '', 31000, '', '', '0569265848', '00-00-00', '00-00-00'),
('CLI001', 'Arthur', 'Tv', '10 chemin des Albios', 31130, 'Balma', 'arthur@gmail.com', '06-06-06-06-06', '10-10-2016', '10-10-2016'),
('CLI002', 'Beatrice', 'Tijuana', '9 chemin des iles', 31000, 'Toulouse', 'beatrice@gmail.com', '06-06-06-06-07', '11-10-2016', '11-10-2016'),
('CLI003', 'Marco', 'Polo', '2 rue de la paume', 75000, 'Paris', 'marco@gmail.com', '06-06-06-06-08', '12-11-2016', '12-11-2016'),
('CLI004', 'Jessica', 'Palmer', '69 rue de lalimapo', 33000, 'Bordeaux', 'jess@gmail.com', '06-06-06-06-08', '13-11-2016', '13-11-2016');

-- --------------------------------------------------------

--
-- Structure de la table `commercial`
--

CREATE TABLE `commercial` (
  `refCommercial` varchar(20) NOT NULL,
  `nom` varchar(45) NOT NULL,
  `prenom` varchar(45) NOT NULL,
  `email` varchar(40) NOT NULL,
  `motDePasse` varchar(45) NOT NULL
) ENGINE=InnoDB DEFAULT CHARSET=utf8;

--
-- Contenu de la table `commercial`
--

INSERT INTO `commercial` (`refCommercial`, `nom`, `prenom`, `email`, `motDePasse`) VALUES
('002', 'Croco', 'David', '', 'toto'),
('COM003', 'Schwarze', 'Alexandre', '', 'titi');

-- --------------------------------------------------------

--
-- Structure de la table `composant`
--

CREATE TABLE `composant` (
  `id_composant` int(11) NOT NULL,
  `nom` varchar(45) NOT NULL,
  `nomFamilleComposant` varchar(45) NOT NULL
) ENGINE=InnoDB DEFAULT CHARSET=utf8;

--
-- Contenu de la table `composant`
--

INSERT INTO `composant` (`id_composant`, `nom`, `nomFamilleComposant`) VALUES
(1, 'Lysse', 'Section'),
(2, 'Contrefort', 'Section'),
(3, 'Sabot assemblage', 'Section'),
(4, 'Goujeon de fixation', 'Section'),
(5, 'Equerre', 'Section'),
(6, 'Support de sol', 'Section'),
(7, 'Départ', 'Montant'),
(8, 'Arrivée', 'Montant'),
(9, 'Tasseau', 'Montant'),
(10, 'Isolation', 'Remplissage'),
(11, 'Panneau structurel', 'Remplissage'),
(12, 'Pare-Pluie', 'Remplissage'),
(13, 'Boulon', 'Visseries'),
(14, 'Tire-fond', 'Visseries'),
(15, 'Vis', 'Visseries'),
(16, 'Tire-fond', 'Visseries');

-- --------------------------------------------------------

--
-- Structure de la table `coupeprincipe`
--

CREATE TABLE `coupeprincipe` (
  `id_coupe` int(11) NOT NULL,
  `label` varchar(45) NOT NULL,
  `longueur` int(11) NOT NULL,
  `largeur` int(11) NOT NULL,
  `prixHT` int(11) NOT NULL,
  `image` blob NOT NULL
) ENGINE=InnoDB DEFAULT CHARSET=utf8;

--
-- Contenu de la table `coupeprincipe`
--

INSERT INTO `coupeprincipe` (`id_coupe`, `label`, `longueur`, `largeur`, `prixHT`, `image`) VALUES
(1, 'L', 50, 50, 45000, 0x89504e470d0a1a0a0000000d494844520000003200000032080300000029e17883000000a2504c5445000000000000000000000000000000000000000000000000000000000000000000000000000000000000000000000000000000000000000000000000000000000000000000000000000000000000000000000000000000000000000000000000000000000000000000000000000000000000000000000000000000000000000000000000000000000000000000000000000000000000000000000000000000000000a011253a0000003574524e5300514e4a8e8be69169532395623d0cf7f338302918080401f9eadfd96d581e130fefd4cfaba29b8785827134c67c5cc0bab3a77643fac2adc5000001244944415448c7edd3476ec33014045053b27a897ab164ab77c989ede4fe570b196419101819c8cab3e0ee817f08fec32bcf25b2edb22c638498ca368d77172123096ddb102022d2e3089141c0098189b48368ff46941d44c4eaef23064c628c1c19e971d24184bd6f74c7492b2084ad4a782308e919f9d000113362bf9f11d2d199ca1521514b49d15c1172d328a901429bd39982cc04c84ff3cb0922eb9511152065432fd065841438096a4a7c394748a652920284356764f03d6f5916d7752d169d4f72da25abe4b4aa1cc779a34992640d38446735224f2467539db749528cbeebb2d4e792f98fe5763c2e6955359fe7c7639ba671908e8a62188de37248d1d67576a24d1c56e2eb37b2c7fd9745105c74df5b5ceb53140542348d102b3cbcf24cbe01535318287c2ec31f0000000049454e44ae426082),
(2, 'T', 50, 50, 50000, 0x89504e470d0a1a0a0000000d494844520000003200000032080300000029e17883000000a5504c544500000000000000000000000000000000000000000000000000000000000000000000000000000000000000000000000000000000000000000000000000000000000000000000000000000000000000000000000000000000000000000000000000000000000000000000000000000000000000000000000000000000000000000000000000000000000000000000000000000000000000000000000000000000000000000054fe49e10000003774524e5300eb29761e032dd44f39273236242112c3736c3b15f880420df1cfc9ac998e705f1b1709e3b45d53eddfdbbca6a2615a4b48b8878556622d8e76590000011e4944415448c7edd5cb7282301480e1001108e1d6022105a17217d08256fbfe8fd6c0b8a4e31cdbb2f25fe7cbe4248ba067bf6b33571405e78eefe779866ff99b85d598298ac2d8679a26c9f1b0ad7ad775e3288ab4b9585d2024b16ddb1219862cab2aa5a68810e24d35edb84452f473b8d397c871dedcf4c2f0a41371741eea534d731d06455a221963ec729ba4ea1d84768154b69da64571ecba677ae7d2ecad20ca5e372c9ce5bec3392fd09df04c2403f03cf62ac4aa1e203e9418673091fb99c800a2ba3994503831e30ca11710211198781a869250b3a1e4d481c9d85a50a297069434a558fd0e2257381924154aea47088592dd5e90d7ff261f6fe62a844c4485ccb20aa9834bfd750091510a441a0690824eff12dda0677fd1379e0a193c471cd2550000000049454e44ae426082),
(3, 'carré', 50, 50, 35000, 0x89504e470d0a1a0a0000000d494844520000003200000032080300000029e17883000000a5504c544500000000000000000000000000000000000000000000000000000000000000000000000000000000000000000000000000000000000000000000000000000000000000000000000000000000000000000000000000000000000000000000000000000000000000000000000000000000000000000000000000000000000000000000000000000000000000000000000000000000000000000000000000000000000000000054fe49e10000003674524e5300221ea828250fd54811723514ea1ad07a6b666217e3dd6f2df7e7ca310d09fcf2edbaaeaaa27656514cc2b4867e5a3a378f5e419c9645699b58000001284944415448c7edd5596f8240148661061991c5417610a85b2dfba2b6feff9f56e892343993436c0cf1c2f7f24b9eccc55c1ce1d9a3f7d297247345d71d26122a49411c6b9ad675da10e380baaaebaa3a9d3ede8fb343b92f8a288a0c43fec9dd2b8024c74019d2fb471c8731b18f7c4729252b8f71882820591c323f128c989e08c90c25be7b33515d722b799b84acd6d3103a0559de8528ff20aff8bf2ca5fb1011232a87e838f179e4801293439c11b20b202951627108db139cc4601371626f2121c508d1c046a311d2824d8a284ac20bd80243c2c9026cb18c126b9383adf3464806b6d63517bfe57996a569733edb96659abeafaaeae1da00424a6348963dcf5d2f77db300c37d73f6d5201940c57827d1da3406b2f8b3c4b1b7b78441df26d5d78f6d07d02bbe91b457009db4e0000000049454e44ae426082),
(4, 'rectangle', 80, 50, 35000, 0x89504e470d0a1a0a0000000d494844520000003200000032080300000029e1788300000045504c544500000044444050504c0101010101000404040000000909080202020000000606050202020101010202020202020101010000000000000000000303030303020202020000004c17463b0000001674524e53000703f56b70373e6d8f3b389093928ff56aa735aba8f31605180000012a4944415448c7bd96cb6e83301045afa7c4105e0949ebffffd49a61e481ba48b95904e92c103e8b3348b60188ecc02962ac6f6123ec918214b0b1bd06057f11451c5b26a08c0cde3184334428c396fa942bcea6bc2ccda56bba42d35cf674055bb62c48e9ebf0dc95f32725a49f676cdb18db3e0e0786d81f88baacffcecaf5df8e60947f6ee0ba2af2f2ac32aa4cc21818b33252864cda421841bce525c35b08c35a18c35a08a3b4104669210c6b618ca02d94a12d2361780b6168cb8d3124ccda4218d64218999bb63006e6b58530bc8530a02d8c215b0b08c35a08c35b08435b66c2b096198c81495b7c173dc3375b19b3f278d6bbb611eb0d7e7864e54e9c15ebc784aeab0fa1e319e5e89205f053ed141c017959e08d0f5d48f0f685a4ba6015a4b27c84c4a47f014284164c08f9999d0000000049454e44ae426082),
(5, 'carré', 60, 60, 35000, 0x89504e470d0a1a0a0000000d494844520000003200000032080300000029e17883000000a5504c544500000000000000000000000000000000000000000000000000000000000000000000000000000000000000000000000000000000000000000000000000000000000000000000000000000000000000000000000000000000000000000000000000000000000000000000000000000000000000000000000000000000000000000000000000000000000000000000000000000000000000000000000000000000000000000054fe49e10000003674524e5300221ea828250fd54811723514ea1ad07a6b666217e3dd6f2df7e7ca310d09fcf2edbaaeaaa27656514cc2b4867e5a3a378f5e419c9645699b58000001284944415448c7edd5596f8240148661061991c5417610a85b2dfba2b6feff9f56e892343993436c0cf1c2f7f24b9eccc55c1ce1d9a3f7d297247345d71d26122a49411c6b9ad675da10e380baaaebaa3a9d3ede8fb343b92f8a288a0c43fec9dd2b8024c74019d2fb471c8731b18f7c4729252b8f71882820591c323f128c989e08c90c25be7b33515d722b799b84acd6d3103a0559de8528ff20aff8bf2ca5fb1011232a87e838f179e4801293439c11b20b202951627108db139cc4601371626f2121c508d1c046a311d2824d8a284ac20bd80243c2c9026cb18c126b9383adf3464806b6d63517bfe57996a569733edb96659abeafaaeae1da00424a6348963dcf5d2f77db300c37d73f6d5201940c57827d1da3406b2f8b3c4b1b7b78441df26d5d78f6d07d02bbe91b457009db4e0000000049454e44ae426082),
(6, 'carré', 70, 70, 35000, 0x89504e470d0a1a0a0000000d494844520000003200000032080300000029e17883000000a5504c544500000000000000000000000000000000000000000000000000000000000000000000000000000000000000000000000000000000000000000000000000000000000000000000000000000000000000000000000000000000000000000000000000000000000000000000000000000000000000000000000000000000000000000000000000000000000000000000000000000000000000000000000000000000000000000054fe49e10000003674524e5300221ea828250fd54811723514ea1ad07a6b666217e3dd6f2df7e7ca310d09fcf2edbaaeaaa27656514cc2b4867e5a3a378f5e419c9645699b58000001284944415448c7edd5596f8240148661061991c5417610a85b2dfba2b6feff9f56e892343993436c0cf1c2f7f24b9eccc55c1ce1d9a3f7d297247345d71d26122a49411c6b9ad675da10e380baaaebaa3a9d3ede8fb343b92f8a288a0c43fec9dd2b8024c74019d2fb471c8731b18f7c4729252b8f71882820591c323f128c989e08c90c25be7b33515d722b799b84acd6d3103a0559de8528ff20aff8bf2ca5fb1011232a87e838f179e4801293439c11b20b202951627108db139cc4601371626f2121c508d1c046a311d2824d8a284ac20bd80243c2c9026cb18c126b9383adf3464806b6d63517bfe57996a569733edb96659abeafaaeae1da00424a6348963dcf5d2f77db300c37d73f6d5201940c57827d1da3406b2f8b3c4b1b7b78441df26d5d78f6d07d02bbe91b457009db4e0000000049454e44ae426082),
(7, 'carré', 80, 80, 35000, 0x89504e470d0a1a0a0000000d494844520000003200000032080300000029e17883000000a5504c544500000000000000000000000000000000000000000000000000000000000000000000000000000000000000000000000000000000000000000000000000000000000000000000000000000000000000000000000000000000000000000000000000000000000000000000000000000000000000000000000000000000000000000000000000000000000000000000000000000000000000000000000000000000000000000054fe49e10000003674524e5300221ea828250fd54811723514ea1ad07a6b666217e3dd6f2df7e7ca310d09fcf2edbaaeaaa27656514cc2b4867e5a3a378f5e419c9645699b58000001284944415448c7edd5596f8240148661061991c5417610a85b2dfba2b6feff9f56e892343993436c0cf1c2f7f24b9eccc55c1ce1d9a3f7d297247345d71d26122a49411c6b9ad675da10e380baaaebaa3a9d3ede8fb343b92f8a288a0c43fec9dd2b8024c74019d2fb471c8731b18f7c4729252b8f71882820591c323f128c989e08c90c25be7b33515d722b799b84acd6d3103a0559de8528ff20aff8bf2ca5fb1011232a87e838f179e4801293439c11b20b202951627108db139cc4601371626f2121c508d1c046a311d2824d8a284ac20bd80243c2c9026cb18c126b9383adf3464806b6d63517bfe57996a569733edb96659abeafaaeae1da00424a6348963dcf5d2f77db300c37d73f6d5201940c57827d1da3406b2f8b3c4b1b7b78441df26d5d78f6d07d02bbe91b457009db4e0000000049454e44ae426082);

-- --------------------------------------------------------

--
-- Structure de la table `couverture`
--

CREATE TABLE `couverture` (
  `typeCouverture` varchar(45) NOT NULL,
  `prixHT` int(11) NOT NULL,
  `image` blob NOT NULL
) ENGINE=InnoDB DEFAULT CHARSET=utf8;

--
-- Contenu de la table `couverture`
--

INSERT INTO `couverture` (`typeCouverture`, `prixHT`, `image`) VALUES
('Ardoise pourpre', 15, 0x89504e470d0a1a0a0000000d494844520000003200000032080300000029e1788300000300504c5445fffffffefdfdfffffcfdfefcfefff9fafffffffdfffdfdf9fcfcfcfefffffcfef8fdfffcfdfef8fcfffffffefbfafffcfffef5fbfcf6d95e5f961818fffbfffafbf9fdfbf6f7fdfcfafaf3d55a5cfefffbfffdf9fffdefd05457b83a3a8f1813ad3130faf9f6f9f8effdf4d7d85a5cdc5c5bce504ef7f6f6fcf6e9ca50529d2122951d1dfaf9fcfefaf7fef7f4fffce6fffadffffad8d25754c24a4bfffceafdf7e2fff9d2facf8cdd6062bc965adc5759d86058d85955c24645ae3734a325249a1e1ffffaf2fff1f0fbfce6f9e8e6fefddcfef2cfded4adc0a376e7b372c9a46cbe635ec99458a72b2bf8f6e7f6e3e2fff1c3f1e1bfead3aee9cea0ebc68dcdb17eceaa77d05958d95352cc5451c74b4d933330a12929741d1af9f3f0f5f1e8f4ecdef8f5cef2dbb9f3e1b3f0daaef5d9a3dac2a3f3d297d7b382bca97cc1a56ed8ad6dd66164cf6060d26057d25650c94b48c94648bc46467a2e2c8424168b1e16ffffeffffee1fbf2e1fdddd9eee8d5f2d3d2fff7ccfee9beded3b9e6d9b1dbc089c8af89f3bf80d9b87bc19d6ad19567c98a60e25957894642c1533bb33b338f28287c231ff8f7dffeebd2faeccbf6e9caf8eac0d7cab2f9e7b1e5d59befcc94c2b092c49691e4bf8acfb786fbc780e4c07cd5aa78dbb075a6706ed3a661e25a5fdd605ac65b5ad6555abf7559a05d56d45052c39450b25750b54a44bf4241b24e316d2312842c08feeee5f9d2d1f3e1ccf6f3c5e9e8c1e3debde9bdbaebe2afead5a5d0c3a4dcd39cd2b59cfed198c09898efcf8bcfa885caa883fdd482bb8682caaa7dae7f7ddea377ac796fd59b6cbca06bea936ab09669e3b664c29964b5985cc1915ac85f5ab98159d1a156c84f4a9e4443c85a42b04040c45d3fa13c3aa337339b302b87262184190ffff5fbf3fbe8d6a4a2cecda0dfab8ce2b97fedaf7dc8a07ccbb072ea9e6fbf8360d7825a8e5f58b66751c05350ce774d833e3db861369d4721a4371f953d139b2813e4e1d2ffe1cef6c7c3d6babbdcb3b2deb0aed0a08cf6ab7ca6906bd2655ddb9b538e4f53a56745bd5f40853c35aa633373fd6664000007534944415448c785950554db5014409bb469aaa9adeea55ea02dee3a74b0c170066cb86e30067377777777777777777777f7df1506677a4fcfef3f496e5ef2f2fe7f381b10804aa5e288c4060d30028100c3b088c120601881c110c1767075d42a2211954c26128910866130804ac52008c353eb8cdf145844a52208426f002002c8c41f330867e78f0ab831838120c41ac864fb88fb2b443c00a500898fd8a1dbffc8b8bf6a1886f208288fc56530187cf02371c11f9f4b229120e82f0f86c7636267b193b3138a899d78a8d8362a31cc994721fc0002fca2e8744aa7ac260d43429c1b367176720e015367300d11a8542a0a8d46fb251a884ed6e99a74da3475fbb20eab774ebddc61d9b8a9db5fdaa72dcc6637899b9b44c27402af45ae55b82488dff0d389468d1a9d6836bf51a3f9cd4e343a72e4cc8f699b1b5df27272727273e3dd83213a42ad5500e24e6dce94cd9c39e8fccc962d175c38db92cd3656df6f59b660f1edc9bda3c72726178f6d1f8caf532012890bbf1eecaa164a833284522f1947e6a5991b182415aa6555b30f7b1feee9e9fd7e6c7b154aa7d7298e4a785c668a9fa682a350cf522b8cad353e738d816a8d57c0e0ab05ddbb6f1ed37d5d573d0f5f4f81485ce6eec1aefe1503390a836b7a6c506bad56c689adf04f3bd77fa9a45de7d16bac66898487d2c9509d82eaef0e4e2b2f57c8038429aec68c74175f995c91969256753744d7387bfd4af7f6fa6016855a5fc11a3e6ce6e5e79b613a2e641b4cb16ab5ef40b9ccb755abaaddc159e615ebe3dd8283c5022e581f750ab1539b53d35353034d5a178d3f47e193eaa2e0b4d6b8a45db83db4e3f0fccdb9cb9b64f12814bb62fb38288ac26f322ba7f72b0f0a92b2bd1672646acdac584e45bf7e151766ef9a1c1db5adb4a4b8a344e948860940a19371300f658184197c528f7362d952b64ceecf4e511b8d2e3e3e0bab67f78999173531e6d0fe956d1d81c2846d0a194651250124ac75eb817245ba6b7a86496648af340d7275359c3dff76c384ee8963264c5807a290883086030005147dc89cf3293e9a009030b6d46872f56257569f0375d0ec6b8bb661d6bc1c6b3b0953c08321b04e6d0a9d0a3b3935ecdf8ceda351c8fdbd842946a350ca5e280f2813960deadfd06d8843b7784b689692c622603f14221d61a059b60a63fbb964700c6c21c8b154cab615cdacb24173960e09cb8e886f3744a0a3b02810f18702210c9d12f72a7301504c4152351be4982d64831c4f9f3eab7af6d0e1237213f24664376682054b075b8d5de13a133765de77d11e3765480dd2859c0061ba30d6943e37555b7def6a72f424cf6bd1c55ddb0a48084261c23685c1a03a37d89959a99d1b20cf30180cb19c80b43457a3a9529b2aabba07727cc0739af7a10833cf11286d415d3680297cbe63c89caa14df193279c011a13a90e3efebab0d3296f7eb5799b97d438fa4f185453dc63e67b248243ad85281825110be6387fee75ab96864f2531fa4eac0206db99f9613e897ea73aa4d27a6d923afa9d58d4960a104917dcb20828d977f71599bb365421f05c79fcd9606056a351a7fb9c2b7dcabd9c326aac60e11ab2c2a1d0ba5d1f076858e27d07517572f5ed0ca65462047eb37a302dcdf6fc640f94050c783fa2f55853a4474b33095280853a79075c44d8b177d393de0d9b301034e2eaa7e7272c0c927f245a7079cae9af362f8b05163f2bb0c6d2fa0d028350a0289a98ee2718bbfdd7af768c9d307fb6e3d5ef2f8cebe074f972cbab3efd192cf5b9293a7784625ef88605258683d851bbce1684cd4c63d47fbf6d9b571d7d1be7bfaf48cea0bc6ebd70ff6eeed5d0a72bcbf80c962d546a143042a5f35726bf4f8fca21d49378af2c76fd9ba75c798c42d3d8a4b120b938a7b44f62aec1539b62b8852f76098882f9058e2f213e23c3a7bc4277471b038c425e49acded3cf2d67a8459ac79097156098b45a3a0b50a19c6943abea04b425307407cd3a1fac6eec39b2e57a9f40eddba0d51356f9fd334dc3d8b44a1fd4c3258ce302f58efde39629539343474554476e8a5b095578685bab985afcd0d0bd53b34058ac0b19e2286c938a67b78dca8d16b3cace1e1dd46c7657bac58b37e8447f8b051a347757608efb2363f6e58732ead4e61c27484199f5c7a60dba4d2d2d2a8893da74c2e9a9ce839252929f9dae649372724f5f29c54d463a4bebe8201a5e0d0bc03db8ecd3b16f37162544cdfc3313d7bc678f7f68e9a78ccfba0f734cf6907f717b8d93e654d5f166374ba60646449f7c2a4c8c8c8a2c25e25917b6f1626ee2d29e99de8191d1d193d6563afbdc55df540a1d528a03a6181c46ce93ad25da26fbb7cdd8a304bbbec2b11611e564b414267ab252ca76084d55da262d108841a05a1639813ca15b4682e5072792d3a36a6a1627dc7e6dc4b0265f3168d597c1e18992c04410970ad422713c14b210c269387e26d4d990bf6748cebc8e723741cd7d6cca954061541f030fc4b4726e2eda004008542a17121d0a8c00914201289f07f6ce2766a14160928f58eff49816b20d81081354bb6376d18000ce87f0a0128e068fdf3b8dfa955f0354080fa97fe43a9bdf4efca77cc160939358224b80000000049454e44ae426082),
('Bois sec', 5, 0x89504e470d0a1a0a0000000d494844520000003200000032080300000029e17883000002fd504c5445fffffffefefefffffcfefffcfefffefccc7ffcfffffcfdfcfffdfffcfffafffffefdfdfffffefdfefef9fefdfbfffffafecd81fcfffcfcfefffafffffffff2f1c174fafefcfdfdf9eebd72f9fffef8c87cf7c67afffbe6fffee0fbf0d2f3c276ebbb6ffcfef6fcf8e7f5c57ae9b76cfbfbf5fffcf2fdfdf1fff5d7f6c478f0bf72fcfbfdfffcfaf7f7f0ffffeffef4d4ffd186ffd083fefbf6fffef4fbfef3ffffebe9d0a6fac67ef5c177f9fbfbfffff8f9fdf8fefdf6fefae9e7c997fdcf7df5c57cf7f8f4fdf9eefffcecf7f7e9fff7e4fdf2d5fbeac6f3d49fefcf9cf3cc93f9d187f9c983fbc981faca7efac97ce9b773f7fffdfdf7ebfbfbe3fffbd9fff2cef5dbaee4d3abe8c88bfdcc8af7c682edc382ebc282fad081fcc97de4b46cc39b66d0a065fbfbf9f6fbf3fff4dcf5e4c7f1deb9e9d6b3efdcafebcf96e1c494ffce82d3af7fd8b579f7c877eec576eabb73edbd70cda96df5c06cb99469c6a060fafafef4fcfcfffee4fff8defdf2daf9ecccfcefc0f7e7c0efe1b9ecdbb9f5e2b7e2ce9cc7b597f5d494e1c190fecd84f5cd83e8bd81edc37ceebd78ccac76e5b775f2bb70d0a970c8a370edb86fe4ae6ae9b666d4a362bc975fcb9e5eb0915dc19859d29f57ba9357f9f2e0eae6d5fff8d1fceacbfdf0cae2dccaece4c0fcebb5f1dfafdeceaaedd5a5f6dba1f7ca8ccbae80fbc977b6986dc4aa6be8b05fb78e5cb18d56b78f50bd8f48bc8848b68744fafcebf6eeddf7f2daf0e6d7f5eed5efe6ccf1eac9e8dfc1f1e7befae1b9d7c8aed4c5a5e0cfa4ddc5a4e9cb9dd9c19cfbd29adcc79afdd896f7d095dabb92c0ac8dffd28befc385dcb381f2c480f1c07ce7bc7cdeb57be0bc7ae1b177f5c375d5b173bd9f72b99d6cd4ac6bedbe69c7a569caa069cca963b69862cea55ec99859c49957bf8d54c6944cb2894af9f7dafffcd5faf2c5ded3bdf0d6abfadfaadacaa3c5bc97cabd92edc690fcd48fdac58feece8ddcbc8cc4b588e0b984d2b984d9aa63c39761dda858a48f57cc9c4fecdcc8fbe9bedfd1b7c7b08fc0a87bf2c67ab1a175efbc6cdcb169b2cc1340000007a14944415448c775960554db4018809b26a9274ddddd28d0e23660f8701d306cc836181b0e63eeeeeeeeeeeeeeeeeeeeeef6761dc3f6b6efbda677e97d27fff584f4071846b85c2e93c962b1c836586490fa9dc1700872acc930488d411c20000260fc06a9c972383c1e17a281df1184f4373086f969e8001886b19a2f0e9dc3e10a25120a3751c2e3f1288dcad3680e16534888079fcfb79a4c267e2d6e6e0683a6b5a6756b5f0930ff5270a3769d52a96c6667c349694b02bab691fbcbe59d9bfb5b4d181d22311a298efe9b1ff6e913b9ab29a0bdedd3beff8bfefd0f1c089f3ea3478f70a5521edc04a7521b0e9ee416d6ab4f5adae1acacacccccccac41c707651e1e747cd8a065c5c5438bdbbdfeda774388ab23d450a1c0463bcfb4a3df02030375bac040696cac4e5dae8b130cbb919b9b7be679e5b9835d8dc068a4d0439c7665962e8acf4609028d979d36c7c7dbebed89841b977227973cad5c7c708a2308764385cbe13bb51b18100004a2c885205c50b300d58da91a76c04e993267de0cbb29c1ae3e60521b283c6e13255008671b4584cb00d419150816555ddc46b6786cbee76f09727035bac230a3a1e2d6ad5d7440b64ca7520954b2380245e350d5e9d28b6dadda2ebddab649f2e9e8e0286aa470a9fc1ecfcb04f602814a20b0d7ab0566025882b28bbd158a699e85c9da20492789b091c2c1fcdb9e2cd379496532691c8acac4fa0a198a4a0756374dbd1f11b53fb5d75a61a744095eab4000d818e699d65235c45e6516d88b055242aad68b6544f4caf179797947478f387bcf2f484885c98c3a03c2ddba7866a903d351d4a508c4586c2f43cd7abd60e0ca8913af8f8d193b79f147a30163c36452bd82f195ed07b73c944ea04072418b6462b11415ebcb272f5c38b464dfab857dd7bbbaba3656fcacdd9a4607c4a4a3042a0556bc0b21509bcd81e75f2b148abbed6628ac7e0e0e8e7f291edd22a3d143e92ab15a5da116cbe251179dbe22a6e471e7d0e6b37674f5b7749274a4e140f9039541d578844745b78c39365cafd65754a8c7fcf08e1d20d50f1eba9daf55f46c31c5d2ba9384e5ea08ea6ea0c8b7026548c2f05120b6445c69d52871cc007359750b45f2b479f3a6755ed33a91e3d8587197a746459725240cf72a7289d3e9ccd9b22143020710934afa3c4beb1795b677b3293151482701ea952e9e0b5a969527988b507b7b95cadbdb3be368c231e74913975cbe3a30f36aee76374962a7860ae4c06fd67f41cb96e20471bc8b584048bdbdbc3262321286dc583e61f2c4fd47564cd8466626bad729a07f1093dfedc5e08000e928bd200e3423f5f2f2d2c564641ceeb0fbe1def691bbf66e5f4f63b2ad4dea1400d51adebfbc3400f512e708886c6f7baf58428aa6a70ffae2d15c91e239ddc34de44073343656fc7b3c29bf10803aeb2ad4eaecec6cb3b74ca592c6963cf2080dcb9f1b1e6c09c26136c6ae5318602cfe054fd4632e10b1689c583d6a94b79779d1a2525dec99c71e4949f92db624194cee1a61fdd607dac00dcd7bef195075e1b4f321176754ea3d5ca5aaaa1aee1d7bfed99dae4ea991dddb8405bbd185b55b1f446232618dbb5dfb13394bdfbd7b337accd23139c3f439a3972e1d3d3ae7437571f189630b8e2cdc1986211c3a5cdb2d8809611ae5b95bab3fdc5c7d6bf5aa492b6fad587d73d2ca55ab56dd9c347ee4a5f1e2c04b675f7631722810ab46619381828bd67d7f5ffdf4e4f22bcbcfef1b31a1c3b253fbaac1332b66f2f2092b4acb57bc7fa9e003855443133650a8ad42376e991799da73d69c88c8c29e0505911173666dec15d12f7556cff9fdfacdd9b249aee15198ac3a051c2cad7c35f2fc16f921f2e49e3b523acbdbdcf74cb69ac23c53dbf86b9dfaf456c843837814844cae6f8509897c8292367e5e1f1a7abb570ba7e6dab0b685c96b5a87b528d05a2c1be66ed206f974645210f61f850ddb563ee66a941780c2cd930b0ba72914769e8577141ecd3c7b774e0ad9b4a39bbc954f471a52d70ac33614cc7dedf4f08888d9ddef7e8a983fbb7bf7adb6e78cad91f36787873fe8f7a0c7ba500bce20d51d7ca05fb8c67ddbd91199832f2f593234eb78e592a167a24e5e1e31f2c8fe9cab9595839d7f8e7c74dbc38d4ca22075ff30914863e99b9b979173bd7ae2d8f4536ff3aebdc9187b6decb5530bf2c6e78d1f167d7d5c5fb9914ea1208c5a05671b9a580e2e1eb9e7c4b82b572aa38a3b741857b267c4b2716f5f458dec903b2eadddb9c57db5ae088552bfbfc06cb6c1a0b5cbdfdd3bc529b960777e97664e6d774e774a014f651bbb94b97353ba6a8383b8f541866c473686b99ba6cc5c6b0db56e98a93506bb4d9d191c1c1232756a92d1aa9d39d564f233404c12ad36c83000c745745f70ea8b7c846b4c7e30448584005f3a9b4ea51b3422216881c9a4d1587f143280c12071e874110471b9eeee22104266471e85eb43f7f5e5097d7d5b4108b825d0ea15764d0fc91886e3a0ac9f41844340f2f1a1e23046457c5be1229c06149bc1a8556c091a990d8353dd818a894418b8e0e018661091c9389d4385682c968467bbd850287f14361918341278c1057344b1ad240e8c35c15a9121aa50025e92682c21077406a95dc8e49a564820ee3c0a07e252381c04b16d0d384e8540355c5b851c18d48c80d96f088280ea015404b1950131816d4050a352ff5568f50af31fca2f4b0b2212505af1ed0000000049454e44ae426082),
('Tôle ondulée', 10, 0x89504e470d0a1a0a0000000d494844520000003200000032080300000029e17883000002fd504c5445fffffffdfefefffffcfdfcfcfdfefce3e2e2e6e7e6fcfcfbfffefefaffffb5b6b5fcfffffffeffe5e5e5f8f9f8fdfefafffffab3b3b3fefdfffdfcf9e4e4e3b5b4b4fbfffcfbfcf5d9d9d9fefffff9fefbfcfef8fefdf7b1b2b1dededefffefbfbfaf6c6c6c7fafafafffef9fffff2dfe1e0bebfbefffff5f1f1effff9e0b9bbbafafaecfefbf0fffeeedddbdccbcacac1bfc1b2b5b2fefbf3f6f7edfffcebfcf5e9e8e8e8e1e1e0b7b6b7fffcfcf9f9f1fffde7fbf2d8bcbbbbe3cc9fe4e5ebe1e4e9fffadcd4d4d4fdeecfcdcecde7d3acb7b5acd4bf99bb9d6bcf9e59f8fcfef4f4f4fafdecffffeaebebeafffedfd6d7d6f8efc8c3c3c3b7b8b8b3b2b7bcb4b2e1d5b0b0b0b0aeaeafb3afaaefd19dedd195d2bb93c0a87ee2b670c6a16fbd945fa4855ebb9455f6fcf0fbfcefeeededfcfae7f1f2e6e0e1e6fffbe4e1e4e4fef6e3fffbe1e2e7e1f1e9d8fffbd7fff7d6d0d0d2cacac6f1e7c3faecbcb8b9b5edd8afb6b1a5e7d0a4cfb69af1cd92f9cb8abba378b29062f6fdf5f8f6e3f9fce2fef5ded4d5dce7e2d4d1d2cee6d7bcf2deb4ead0b0daceb0b8b7b0b4b2afacacaaf7daa5fdd1a1dbc3a0e6c896e8be85d5ab78d1a061d6a25dc29b58be8e56faf5f1f7f5e8e2e6e6feffe4fcefe0fff9ceeae3c9f3e4c7efe0c0ded2bac1bfb9cfc4b0c3bab0f4e0addfcda8efd1a6d4c4a6c0b3a4e9cfa1e7d09df6d494d5c293a59e91ecc68dc1ad8dd7bf8ceecb85d1ae81dcc080b4a27f98907ff6c77ec7a879ba9b76b3976ec6a165c79a64bd9b629d7c5af7fffffffff7f5fae9f1efe5d8d8d2f0e9cfffeecae5d8c4fff0c2cac6c0efd5befbe5bcc2bdbcf3e4baf9e5b0c1b6abddd6a6b3aea4efc798dcc696debc95c6a995f5cd92fcd388b7a188d0a684edc17de2bb7bc0a5788e8674f8c473bea171c29c6ec7a76db29256b68a50e8e6efeee7e1dccbb7f2d9b0bea8a1f7ce9dbbaf99dfd097b8a896ffd092f3d189c09d80e4b17debc97cab997ca48b7cc99f7a9f8c72e7b061c3934dbd8c4cf3dacfddd4c3fff6c2ddd4c2dac1b6c2bda3b3977ed1b574d1a16ed52dcd37000007d54944415448c76dd5057c12511c07708e2b38b8a3bbd96023d7e1da959b3a57ba6ebbdbb5ddddddddddddddddddddad1f1fea40fdf8238e83fbbeffe3ffde07688e408ec08e3b0dfe7584615c2e978b1184aed1bac1109b5dab16c494316a31d82c968bd01c0f1c07eca747e462b9984e87610e57060cb81610069bf62fc1711ab8c18e32082882230c3a9d2567b2c410c4168b1106fb2f42c32118a7e9711c02480f43b85c4c2138a5812979f7ee1c859e9228dd1c442673127d534a0fd74b33507a9cf24af1a4287d5f2f4f2d2508eae4e967b135b1f8597c95b51c84f63b30e48936859b7a650509a97aba2129583d2a658897b029850ee9e41edaa6b6c9146ab3fa3a08cd45285428e5651951944c1f126e47c94eaa4c291ae835387e56bf8cb86e77e332f64efe49180c571535d651a54a43d16822d8ac468566828846d14ea246cbabae162e1bb93e61f9645f982fa3d19d84e68906ea78221d864979aa3475a03a5c45d803c943a2d2aaea92b7eb2e94dc58de2b80cf97c9e8f45f022c4403144b53a96231329608f60e44a5c4e0ae6ddb0ac38307cfafb362f5e2dc15793302b47c884673129a3e10151a55bc680cf312115e2496c27310833933b87952f294b8ce491e1c9ccf67b36b080845a206b388906298374f148b61d13c9eb16d5ba9b9d1a19dcd6aa7664c6b6d0dd1e27cb6b30aa8570f25ed22116147d170112f9ac462790d751327ee1a943ddb12dae1705ce7b0004b1309970608a386808649b38874140d0a2754525498c66bd831b2d5aeece3b34ceda7ccc9d9d7c1d4acbe3bb7a65b80381a86c5aa786918694f2708d063ef860d7b47b5e81b5fba60c98ad5cf9fac5e91b71b10ba8b40508320a14ec4d30592d274c28c0a51230148a42efbe88384eb639f9fdd74fdd2d4fa1e1c88e65a4a1c43c9341511db40d85124326242b53998a78e8af46e74f4dcc61b252b57de28ded84ea240d87f7c17b05d4863264f0a7a9c99e50dd693e8dad51075cbbbd1823bfde2168ec8e9d66faf1f05b35d1d8341c30ca0c73cb501d36566ea482c5ad4d5d82a1254b9d7cea3654cdc74933b4ce9f9bf09dd11463d0318d887501b5a1983557d49ac2fe1e3dd22b285996874dbbd67eab1ce3d77746face580d15dc4d380a5a88874432b75b82833054ccf87a76bd1a277306f1058c92e27bbd46e56df2251407f10a44110d8c78491c4a4e660951d15ea7c7cbca2a2a444f6ec76610787561c8999dcda0a08df49101c0b221d3d2685525157b02ca8d1c7a763d4c494f8d90b4e9f1f75a1f2d9f9d307fc435c5580c0c920d2989e154b92d2ec41e14212105574a4c1ebf8ec47e70a375fa8fcfeeae9015b88805143601ca987aa49d0b06821161b1f3f93445bf07c7ca4ad305de982472faab7ac5c796de3d77ea08a932030ee8909ede13c428a06e90695ee2723ed0d09955a38d1985dfa292cb54beed02e31bb7bd9241c27d1e0f4a6ea40bb2838d84ea2def1a59d826ef56e081a1ed4ca3cf8781fff0e538e75ebd0dabf677d05e7af2a60a364798737080cf48e8fefdb34aa7796d9d8c060482706f5b1360bcb986eb25a7634d9ce857e91ed5c0e4e0d99d9bcd3cca59797f6e933f3e8e5b5fb3df7370227b7ed87b2d74e6d939c1a71b0b6bfb5b18483f00101dbd283abd5faed5a3be3c3da1773f3d74c7bf0ba7cfeebbd9f5faec93877fafdbd97e5fde7cc195a316ccef47612bd1e726e7c6a7cc0ac355b8b9f9ebabaaabab8f8d4f9fcaaad5b379cbcbaaa786bf1a955859b365dac2cb85e35d026711226931a3fb9fc5ad1a861a3121212c69d5956949050fd6a58e196a2a29233174bb66c1a7bb17274d1c68c50098ed410565dc184f20d852387adafcaaf1a5539f2527efefa13f7576dc84ff8b678f5964bf985cbce8c5abf66b74deb241a869e1a6fedd561e889185352f2c18aa1ed27b589b93b2fc664ead0e5e191f62d6d7be6cddb53db3f440ee13513f37513c07ae5841e71ddc2ea37eed179d1e19e3b2c61e0c432be47e763a993ba5331030ef40a1030b7d5856b88bb8796d2faf530cded66aa6f09ed1c91dad3cf2f2ca27fed26beada767a4b669dc3d66c0b45e01dabadb984ee2b15de2e1dfb27d9788fe6046c987177d4cb6f9efc93d921cdaa67dff85fba6244fda077ccb660ab9d849e40abf8069734754dccf591851b63067596ed9800127ce3e59541691b3b8a22277d1c3dcdc9c88b953939a28a01a525731a1f5f06b9b0b1e3f1b3d7a4ce2952b6312c78c7973e54d6262e29875eb1213478f2d385b50b861466863dc45f080d6cbab8b460edb7cb3685c6265c1bb71efde16ac1b3d6e5cc9d8c5236f968cbd59f0787375713ff7c61ce7c45890afff9df2bc110386d7a99337bcac0c1c968c9877b2cef0254bca22f2f2ead4199193573ebf9d87047112665d418835d434704680bbbb7bbb597dc073cb81035bbadb92c2be4c4d4ab2850e9c6ff2b7592572f80f027194be969dcd251289d6cf93d26a439a346f2e514a2c139afbf98684587b04587db53024761116088288155c370e0786d97c181728945c0eece601a2542a051a3a1d62817f7b576432198bc564ca154aa59b4000c3b0004409eee07af0562d186282b0680c17e1d2190ec4d270381c37108e1b47a381c16bae42e11801e23b0c42d7d05d84cba56b1004021f390a28388898c582c41cb1582edfe628504b8388c55cae9b8b80df31ae86c160f00141100d1741806041889809f28bd03908175c43fb370c3a022320bf1a03810981412004e1c2b08cf6ffd07f13e437815de49ff17f00a9622f4a81b1e9220000000049454e44ae426082);

-- --------------------------------------------------------

--
-- Structure de la table `devis`
--

CREATE TABLE `devis` (
  `refDevis` varchar(20) NOT NULL,
  `nom` varchar(45) NOT NULL,
  `etat` varchar(45) NOT NULL,
  `quantite` int(11) NOT NULL,
  `unite` varchar(45) NOT NULL,
  `dateCreation` date NOT NULL,
  `margeCommercial` int(11) NOT NULL,
  `margeEntreprise` int(11) NOT NULL,
  `prixTotalHT` int(11) NOT NULL,
  `prixTotalTTC` int(11) NOT NULL,
  `refPlan` varchar(20) NOT NULL,
  `refProjet` varchar(20) NOT NULL,
  `refClient` varchar(20) NOT NULL,
  `refCommercial` varchar(20) NOT NULL
) ENGINE=InnoDB DEFAULT CHARSET=utf8;

-- --------------------------------------------------------

--
-- Structure de la table `famillecomposant`
--

CREATE TABLE `famillecomposant` (
  `nom` varchar(45) NOT NULL
) ENGINE=InnoDB DEFAULT CHARSET=utf8;

--
-- Contenu de la table `famillecomposant`
--

INSERT INTO `famillecomposant` (`nom`) VALUES
('Montant'),
('Remplissage'),
('Section'),
('Visseries');

-- --------------------------------------------------------

--
-- Structure de la table `gamme`
--

CREATE TABLE `gamme` (
  `nom` varchar(45) NOT NULL,
  `offrePromo` int(11) NOT NULL,
  `typeIsolant` varchar(45) NOT NULL,
  `typeFinition` varchar(45) NOT NULL,
  `qualiteHuisserie` varchar(45) NOT NULL,
  `image` blob NOT NULL
) ENGINE=InnoDB DEFAULT CHARSET=utf8;

--
-- Contenu de la table `gamme`
--

INSERT INTO `gamme` (`nom`, `offrePromo`, `typeIsolant`, `typeFinition`, `qualiteHuisserie`, `image`) VALUES
('Aluminium', 8, 'NITRO-BID', 'Nitroglycerin', 'Armstrong, Barton and Bernhard', 0x89504e470d0a1a0a0000000d494844520000003200000032080300000029e17883000002d0504c5445fffffffefefdfcfcfdbfbfc0fafbfbafafb0bababdbcbcbdc4c4c5a5a5a5acacacb5b5b5b4b4b5b1b1b1c2c2c2bbbbbbb6b6b7c3c3c3c1c1c1bdbdbdb9b9b9a9a9a9b3b3b4a7a7a7a4a4a4a1a1a1aeaeaef9f9f9bebebebcbcbeb9b9bbbababab9b8baaaaaaaa8a8a89a9a9af5f4f5dadadbb7b7b7b2b2b3a3a3a3d2d2d2c9c9cac7c6c7c2c2c5a6a7a69f9f9ffffdfed6d6d7ceced0c5c5c5b8b8b8a0a0a09e9d9de4e4e4e0dfdfd4d3d4cbcbccc7c7c9adadadababaaa2a2a29c9c9c989898979696fefdfffefffef8f9f8d9d9d8cccccdfffffef7f7f8f2f2f1b7b7b9b5b6b79e9e9efdfffeececede8e7e8dededfddddddd0d0d0c9c9c9c1c1c3b5b3b4aaa9a9959495939393fbfcf8bbbbbfa2a0a0919191fcfffff6f6f6f3f3f3f5efe9e9eae9e6e6e5e1e1e1dcdcdbe6dfd6d5d5d5dad1c9f1e1c6dcd2c3ecddc2c8c4c2bebcc1b9b9beccc6bcc3bdb8bebdb7babab7c4bfb5b8b7b2d6c6b1abaab0a7a9aaa2a1a9c5bda8a0a0a6cbc0a4bab3a3b8af9f9a9899c0b198b4a895b2a489ad9e87fbfcfbfefcf9fbf8f3f0eef0f5f4efefefeee3e2dce3e4d8d0d1d6f1e4d4dad6ccece2caf2e5c7cecac2c1c0c2ddd1bfc3c3bdb6b4bdbbb7bcc6c1bad1ccb9bdbbb9d7cdb8d1c8b7c1c1b6c8c1b5c3bfb2dbccafd3c6afe2cfaeccc0aeb3b2aeccc4acdbccabc2b9abb5b3a9c3b7a8ada7a8a3a3a5c4b9a3c9bca0bfb498bdb091ada18e8e8d8da39780bda57cae9b7b9f8f75aa98718d81708e71497c603df0eeede6e8ede3e6e7e0dbdad6d1d9dfddd3d6d3ccc3c0ccd2d2cac2c3cae7e1c8e3dac8d3cec8bcc1c8d4cdbec1c1bdd3cdbad3c9b9b4b2b9dfd5b8c3b9b7bcb7b5cfc2b1c0bcb0b9b1b0c3baafacaeaca2a5a9d3bca39c9aa1a29ba0c2b29dcfbf9cb7aa9ca29e99c4b497bbad97939897c2ad96a49592aba291c4b08d978e8cbaad89b39e84b19f83aea180988979a7926daa8c69a38c65726a64a58e62907c5b837255675443745b41614a2f43da7b4c000005814944415448c7d55653d31d4110dddd59fbda3673f9d9886ddbb66ddbb66ddbb66de72fe486958af398aead7dea537dcef4e9e9817e1f308240ff16300c4108fc8f084f72e2fff70004b213a558a91d85fe9e5db2da4aa83073c80ec17f472abf62dce95209d24acb98641486ff82951dc4090526e5cdcb042cd39704c17f94919cd2a8402b27495aa10f28c11acf1ff4c0908ecc0285e57cbc34c6465580ab9ae3f87d15042a43ab090a2389508a2f0323d5396e4db9df40e084d05029a548c9f5402b71940b9b6c412bcd2641c86f641493da88745a2a95514a9a0e71592a0b03dc6c41f15f7242cb3a3cde4094e43995cc8ae9b32de9985ed410a69cbabf62554c087842e57dbca0529a022667351b17e5150a5e5b555de717479ba4b5000d11014d2a32744644513596a9e763726930aea1ed3fa755982577aa4d26c0861a959780525956abe87154646c562a1da03fc9878b6b638256cb0319c55a2429a24dad700137dfc45a8ad6cae4b17059f887f63548f14555329e74a908152b0f5a145a219a2967b2684c2963abf0a54408f94e38ea557a0a7c0699c2559202956bc51851825112ac9ac649c828ce57730d09c1dfb910cb02257157b2cb959e415255831420dcae482c47a3f0716ebd3cbb66a9c8a72af05788d7ebc70d460c94f3c8812d4e55214215f4822da8a67947984ccf5657e13ed90cc9ff62c3268c21b5125e82c5592f934d55a92ca84215309b42210aaa828a9aa0258370b2658a2572d1cf879d1faa8519700c4fab6434886a8b56266a042c60b560a0a406d06e4b3a2349a7fc1fbd89e83e3bb7b0615a0983c8560afb8d664e946450124b2d0b1305342da16a29940050ca71f19c0645e15ce4537f1ae89d6481df201a7163499c17e499ac242b478301a59500b6ec2046726a2953f5f2f5e1f00008d57db872ca9a827aa73ee24f1d6736284bfacb13fa68763060893800c9e5680274aa4390a8b2d5d4e24e8da1eaba7c0841a0543289149c0633f01a70b1845956c16a532944ce945ca8b65915264668486675efbc74c69c874dd1ea2802253e0fa307a4a4246e367211bfc12868dd34a6a7dd3c4705684c8aa90197d9a5f3d9e92b5e3d69545f97c82f5204f29490719553c2061c7719bda932b91313646a2ca2aaa6e40829c5496a56736927775ab7f9dd7dc776fb0708346814613629717f2a8eb3b8d9c04a04b9a89111715ba613c835a05576efee1da7ad58ff72cba6b149c5750907d41e78a0c5c883edcc35705199eac3f11a982c9c92eea36d6a3756212523edfcadae5de74f7bd0af43cfbbbbeb7fa8014179451af73831727c9ba9b85159c39b869b59b9bc303518b3247487cba7c5e281a527bbf5efd5724f78d8d07cf48b978777eb74b1cfa2098cb3bdbc8498d6ca88472915c649b5ee4aacdb9db1f8f4ed47e7488927a96ef57ce4eb6c0d697a7355b3164767b46f3511f38f208d26c645804c25dffbd2c48c590bfaf5ed7024cd51a6188aa25fdd9f0be9f6f6bc3177ccfe59a74a74341981918f4a198dc459adb7d5dc6679ff9ee4a1c2e4e2285aec9b512e9a97973bb84daf1e579fae9dd9ae3dc1babc0544958ad69cae991da7f45ddd61c2be9d65eba0898620df403ed24b9ab7fed9dc31e3cf98274dc241011f8f07bab4edf1b8574ba9b7fc5004d1e9d01f46bf74e9418d975c993d7af494b6b21aad8f77bfa0983f7de5ea452dfd1592ea220933ea7ebc93f36ae716b18f5ab27cf6bd0d7da7b66edd59dbee58bfb593a5698efa756018465014fa3112d6c985b736edf37c5db3e66d2b3363e76dd854595a983c18fd6076f8d75b2c0fa9b760e59c16cd9a1f5ef5fa4597484a59fb1f7778e9daa5ab0f9bd967e1c28d5bded40c3bcae4c37fdeac1f7817dbd56de3e6b77746342c8e427f1345e12250e9e2cdfb5fdbb1cdfef7ebbe289237b05ebd2103feed210217499483fe257273e13ce8bf8bf7f5f32522811e53360000000049454e44ae426082),
('Bois ancien', 2, 'Amoxicillin and Clavulanate Potassium', 'Amoxicillin and Clavulanate Potassium', 'Metz-Bartoletti', 0x89504e470d0a1a0a0000000d494844520000003200000032080300000029e1788300000300504c5445fffffffffffefefdfefcfdfcfdfffdfffffcfdfffffffdfbfefefffafbf9fffffaffc479bb512dfafefffdfef8ffc172bb4c2cb24e2bf17826ffc575ffc77dfac176fcbd70c7632ce57a2bc2512aaf5329f9be6df6b068eb9a50e98f44be5626b65026f0f0f1ededebfec785ffc780e7b077f1b776f9bd73eeae66d9905ad18d55e89649de843ee78838e27d38d87734b55f34e98233eb7a30f17c2fbf552fd76828fbf8e6c5c4c7b2a791f9bd7ef0bd7df7b871eaa76af8ba69e8a465e99b54ec954ec2743ec36a34d8612dc9592bae4c2af46f25f6f6f5fefeefeee9e3ece5dac0c0c2c3c4c1c7c2b5c1baa6bcb09decc894fecd8ffac47df8c678fdbc75f3be74eca75ff4ab5edb975eeda255e2a154cb7d4de6904ccf8548c97842bb6040db7034ca6934c25727b04425e16624ce6224ee7521f8fefdfafcf5fcf8edf4f0ece8e7e9e4e5e4dcdcddf9ecd4d2d1d2f5e8caf2e1bcbdbfbac5b8b2efd5a6b6b0a5ccbea2c3aa88fac286e0b581b7a581fdbf7ccba079fac271cb9671f3b36ff1c26ef2be6dfdbf69fcb665d09062fab15fc2845ee9a15bf0a05af8a75972604fdc8e4dc8834cee914bc37848e48944d98344ea8b43d57e3eb86839ec8836c45c36c26232bb5e31c96f30b6492dd1722ce9712ad2622af77926fb7425cd5723f47520bd5c1ff9fffafbf6dbdedfdbd8d6dacccbcdf0dfc6d8cfc1c4c0bfcfcabce5d1bbf2d7b1f1d19fdeb98ccfb78ccca685b19e81f5c67fb89d78feb96ee7af6cab8c6ae19f63efaf5ec4775ad88856e19354856d53e08e49d88849c87d46ec8f3dbd763aab5a36b25732b8612cee772bd26a2ba74b2ba14626ba5525c85225e07223eb7b22d76521b25621fcf7f6fffff4f4eddce2dbd9dcd7cddbc6b6cebfb4b8ac94f2cc8fe9bb8ec7ad8deec282ecbc75a79675ce9d72847b72fcba63e69a5df3a04dd3894dbd6f49d57c47ed9944c17a3cd06f39be5638e18435e38131f78c2de97720f7f1e6e2e1e3babaa9d0c6a8ebc9a7d9c0a0e8cc9fcfc69e97928beeb37de1a478c1a071ae7e5f99805ee4965ce89d3c7955376f50349d502a169aafd9000005704944415448c7d5955554546114856f4d17d333c00c23dddddd92827409a88849778708d282746377777777777777d79d596283f0e472bfdc97fbad7df639679d1ff8f78250810322b0101e44b0782282e0fb4910a7518fc4c71fa18c86fb690501083236f9fcf985c6580842fa4380308439eaedbf82437b3ddf854881a1bffd4fc451a78d4938a72243cb5a17aee49d3006032360df29600a689c6ceee7c7cabba59ec5b1f2f73e0ac07d21208043a8b119aa2c5fc5d55b2d15556448b2db4e0070afbf63400c0c63c72e30b70a09f02baa305390612b041dda7302a082bd2310851a7bda4a268715d6543154c1ccc72cd449b47b3e40e80dc1527088cb02f34219364dbd4a764dc8caa14a539bc97bcb171ac3bd8d13194d344ef6cf5151ccb3534f67d35694943792e5864fa6b12fba027fb2c16010841a9fa1cc5aa67065abb5229b4d52b577d8374273124dd9eeb31b80c3fec1026ded0273d5f5aa3eea1566ac025fc52069bad128db894c6bdd91db5cb1bfaf0d04e231b1deca8585a4b026f5a1cbfc15cd363bdd11699672b2d4a4a5a4aec7021006fca55510de25e19c0c9a7bd82dd98090025fa5083ab961637080f2da66bee10dabd3b37f46b0200253c6269bd372587976d7b27238b22141db25b9999bb86447ae80c6bcf616807ef24046538c33d215cc14566fb566e5e7fb280f1bce77d49cc4b4b01339ecd309645a858f5c8b877e60f0103c6dba394f6891ae5ea1c22ac8f75dbda331f26b6ec3c8ea892ccb1df491c5582af4dd020b531e2add6444ebdd081aea93efebbff950b75c75a90c499c7bb8c0ca07fd92ed5f4d277c4b031209d4e94af7ae0a0d3a8caa0396a1f31675776f0c5155aea293e56a57c8da84d30d474ce1d08addc01e1f3c8518bff23e8357a35317e51c2d0cd2dd2bd714cc646fb217f11b6c0a496a5c47fe700149b571f77c1718918c03865c160ab75c3568df6924146831da47ededde28ce3dc2a15327906411be87db1619c854936edef6f4c938c9d6e0e0b1673edc77d612f20ca2a2b5049a0c07aec66592f58eddf5915a935896bacd74aead9fca66344d719aa9fc1809829dad597af340c7fe96caea9d1dfabb04e5c19749ea7429ba7d7041ba9a3459ca5e10603d55c48fb8b8bc2c65c220588224f00c34b40df647e969d8eaf38cee4ece53ae7232949b22bba62494ce979bc2f1ab1db5cfb02a7bd5c7b2c498415f5d785dfabb346ab4195d3c1d61cb039e5683d408ae0d4d51adad93cfb521a9ea8a1cea8b3297bedb9032431e0624c89c45950f0eeedc52a2dde16ca4a551a3cf7070d4292559d8ed691ba5234b5a2fedd4b82e3733c5d3cb73fc60d44312dfcdf359c6a6f62efd96cabbfb19f734b5eb76854d645aea3a39ddb6e5a8848be8114569a649ee2633e50912408c00ae49a96f8619381be90926eb315a5bb604b3158ac4f3d608b49c2a45be9e9de9e5e1316bc62008dfb32e20421d3767e972eff791d107b46aeb5aa3187a25a1dbc5f356a9e5f20dd72e317d6c621237613024417a168648703de9f5e2f97ade818335366106edad7cc7261be61a5db9b6fadc34d3b9737f28ea9b1184271c3b3964f130ed83d17a1a9a7aad9d68eef24323ebd7659f4af170171705fc2a94a18c3bee75619192b6b3b351a5308c63114a97da9e7bd63471ae47dcf8c1983fbe0d3081203fcf2bf58cad7e14a32ed0b2817e27223bf394a7bb498c3ca1b7b38fded5d16e9e6875b7195dfa8e6472f1e20ba61eee718fd01d01fb78189131c792562d59a9cde88cc84dbbf432d164e678b4537d9d7c0c16c11d3e3e2475d195d025cbcb2eb9cf8ae9e9549f14844e6948ead9559fca12e3260c4289bf233808a4bace5bba6143520c5a14d01f0403618894c36e43e6892dfa2f84882310d0d60e4018220e273e4003101e8fc03814191083054110f8dff405c7a69e134a9479bb0000000049454e44ae426082),
('Composite', 5, 'Glimepiride', 'Glimepiride', 'Murazik-Bailey', 0x89504e470d0a1a0a0000000d494844520000003200000032080300000029e17883000002fd504c5445fffffffdfefefffefffafafafefcfdfefffdfcfcfcf8f9f89c2935fbfffffefefbd76463d05e5ffdfffff2f1f1ec7d78e97873cf585dae4246a32c3ade706cc34d52ab343e982833fafefcf7fdfccb6160d25d5bc8565bbb434db33b44a72f3b9a2f35f6f5f5dedfdedadedd8b837cd5605dd2645cb1454ea0383fa13038a02935f07975e37873c85d5ecd6059e09f58c15458b23f48af373fe3dbdec0afa4928a86e5786cd66965cf6763c85355b94c4fbf474dcf8341f9f4edd8d9dbd9d3d2aca2967f8080d67571e47370ea726fda6a6beaab5fcd6a51b94046ba78409e323d50473bc77b332c281fe3e3e5f4ede3d1d0cec6c8c99d9d99817c7be67d7aecb3707c746ee36d6dc9a16bdd945f94565bc74e56cd5855d99349c76946ba7134922a31c76d309c252eeaecede8eae9f3e3e0e0d9d4ebd3d0d7c0c0d7cbbfebdcbecbb7bab5b5b3aeaba5a4a2a2fad898c19096a59c928b8e8e999182948173b8976df4c669e2ad69f4b867de6866cf6065db6063756a615d594ed38d40a4373f93393c84313b952f3939383490222b4b412a3932248a2724fbf6f6ecdcdafcf6d6e2c9cee8c9c3d4b893e4c990c2a69092928da6868a868686bb7e83f9bf77eec075dc74729d6e72d5966aaa8f67b46065d87063c38760d97e5ccd825bb47d55d77753efb152a64852e69f4da3594dac6f4b7b6448a73f46843d41c7683b994937f2f7f5fefbf4e3bbb1bfb6b0d9b1acb7b1a9eccfa7fadca5d6a8a5cd9ca3b7a2a2dec89ed6a49b9d948ed0948dc8a785cf8a85ebb67faf7b7fcf817bdcaa7ad07b79c197787c7c77dab875e6b275dd7c74d6896f8169686c6967a66167e66c65c05f65df6e64ca955c9d7c5c6a5f5aedb959b55155b68650c65b50c08f4edd8d497f283286242fece4e1c7c5b8cfc4a7b79e93b18e90ab9985ebc783f2c282e88781e2be77f9cb74c46a6bd57169f3bd68968060765350bf6b4f884a4f886e49c0584667563ea72930e7dbcae1a19ce2948ea5a68dbf9586cda774c4756e8c7969e58f67ba8960944953c86f50d7a649ad503fd2773d6c3a3c8c353a002495d90000067f4944415448c7c595756cdb5010c6fd6cc70e3373d306db409999692badbcaeed989919ba8e9999999999999999994973da0cd54cdb5fbb4891fcec9fbebbfb9eeea07f098042ff1800419cbe02c41f0a00f8fd1cc731503542856118102086c23f043042034750c8198250b0fa8b5786325002ad08c405c170e704042494ea6ba3a205231908808103c11104c19c7c0fa3001ab4c5831ff4b8e740488c1207c4298c3923482412550285aedce6a1f5229b78331a2cea571d96c03009c1891fa88a00400ca0fa1b3d72cc6a32cf4bc0b16d7cba6d2045025371bc6a02828184d16f6914bba39761aec93390ae3dc0ce49c8c729627b5a55b717c3a0feeba3620a78227590cd4ca7f9b13a73c97d5ac0140a03c3aa5020a12803594cd4cd2593554a9bd49fefe151a012f1bcb82dead6addf4f228601c3de9e9fef0f06d55d3f862de71a44420547a68d660504194d2a65a0c5fcead9cd550c0986921c88e3826014f1a06d7e390964f571bd80a3ede8ce0e34aab9c2e0428bcecf83a6fcd29f214151f427046010e15e16874844a50f0808e0b33a7a125dd69bb5f4a8ac2c9b915cbabf2e041800fd769929120ad5eedec1a452955220b3f8b3a2a5dd4b7942859ca38bba1635d74814273fb8b4fecaba14cca1228642d7f2dda59e497a55825ca63dc0ca51749f4b267c91f9efbe26e51ac8044c3f34d1a3607f3fe040a8f5478e890932184d5cb394eecf769709c926ae4d6ed1f1b3761f578bf49e0574dd44164b503acf1b422b08887969e9464352779ec2660e1893352688474ef20a9606f8dfda6d33148b5409f44e347e964e593cab9118812bef09123a60708feec2608e4c17ed4ed71b4a550981322d9f653e3eb7d8281470e8fe2cbedc543e6e546e7506a9b2fa458d86acd8c30da4d33abac7088c4422c11c3a2dc65d6ae835232981a3d5e6b062134a67ed9a9ed2b63aa9b2638cd04603964f290a0898e847539a4c3c4f294d1bcb8a09568b8a0d72299dc666173e2e9f3aaa66e28b86144965f928b230ace1e1949010eb64e20213f99989af62b92232591d2495f2a363157d166c6d9f72c22723b28ec34a129ea6d16cb04e9fdeeeea0c1ee18bcc9e9f419fa454c889feb139c25e53afd6acb5dda7d58e34980a39cac7f026fbda5c1f3d64459ebd0a3ff7ce4ab2886b96d37587dc0fd8253aa4240e6d16e9dbb219ee40a8544da45b9326e71b365c13323f5e173f39d028e209833af9d30ef9d185e5b37759ed1291eb5a764d758540a52fb547348dc86ca6090bebbfb5dbe9d371796ab2d14b4eb34c64e508d43dc6dd0e993ab469a45b845befb20b100255180323cc0183fba6662f736b7239f7d8b176cdefa91485345a343bd6b37cf6266badb73ec3327d871d4d7d50635c7508ad94b1fb7227b9ebbe6cdf4cb7c157d62cb73eec144bf38b2928ee31697448e2d08811912d872797b58d4b99540f25552024bb2f8767bf766bd37a497a7a83b486a74aa6154d9be6553e6b53fbc4493e1999c322baa4ced955b3a4687db83713adf0454c1db4272fe4d489c36dbbee4bf74eaf37d83a7366871a0b268dea96b8a1e9884cdfd6c97dc7b70f994f53f45c1dae61da4ba184b698c59f1237fdd88d2165a95d5b6767b41e7ffdf6e8e657e2524e5c6c36c2f77997be8f76ce2c8997799d19db38bc5a0542620e3f9aaf5e9037aa7df3b677bb7469e39bd1ca67cd85c5847bcb5a65b6cc20243aa4ccb7d87af5bc14ee5a1ba99c455497f475334c5cddc3c9dd661f6973e772d3f4b0b4b0271b08f7dc22b2fb3ecab596c407ea7be437f6d63001ec182e3033acc5844e9da3d979dd6a9e6a9f9bdc3b237cd9f925ad76acf3ed9a7a6434e1af803c6ff840ef6a2ef0f7150460fc5ce39113e64d3899d7a1dd8de6737a276777f11d66772ff9655c4951a1f26cfe126f6f2602917e1a7c54f1c27aabb3eff62a9e5263caa6dc397b77b8b58e686977af5b89c5967466739a6b3517f0eb00a7a240cc746db2df33e8e4c969a713a71e19dfb64defb2dcb8c42299e7d97c1f570d51370c43bf06f18cd76930f260e758d61bebcc0f1d7696cda951b3567ca0f1ccd8068404ea641b01bcffaacd9fdf71efd568d7aef9ceb84f453a459ffbabeb696ae3b0b38d47a1505cea35dddba3cfc771eff7586bc51776ef699760a200384148c4f4275199699bf505859dfd265b8245f32e86bbd6c189e506fd29601839b7ea66a709b72cc2b3f98d5d35cc5f77bd939218d8c0167beff7ea393c3cecf7d63acb0fa3305c5c1b8ff5f1d6d4c6c0df2154180009e252a7ce423103faeb40e10aabfe2540c5a6fa8ff115faa3d8c37cc29e560000000049454e44ae426082);

-- --------------------------------------------------------

--
-- Structure de la table `metamodule`
--

CREATE TABLE `metamodule` (
  `refMetaModule` varchar(45) NOT NULL,
  `label` varchar(45) NOT NULL,
  `prixHT` int(11) NOT NULL,
  `nbSlot` int(11) NOT NULL,
  `image` blob,
  `nomGamme` varchar(45) NOT NULL
) ENGINE=InnoDB DEFAULT CHARSET=utf8;

--
-- Contenu de la table `metamodule`
--

INSERT INTO `metamodule` (`refMetaModule`, `label`, `prixHT`, `nbSlot`, `image`, `nomGamme`) VALUES
('201443874685331', 'Mur léger long', 55, 5, 0x89504e470d0a1a0a0000000d4948445200000200000002000803000000c3a624c80000000373424954080808dbe14fe00000000970485973000046de000046de018e26325b0000001974455874536f667477617265007777772e696e6b73636170652e6f72679bee3c1a00000060504c5445ffffff000000000000000000000000000000000000000000000000000000000000000000000000000000000000000000000000000000000000000000000000000000000000000000000000000000000000000000000000000000000000000000800865c40000001f74524e530005070820296061677678808990999ca0abacb0b2b3bec0c4d0d3d8dce0e84edf7efa000003254944415478daeddd416fda3018806152200e42cba6b6d2b4fffff3d64e13655b12a266a705ad27379253d77d9e532e2826bce0c0816fb30100000000000000000000000000000000000000000000000000000000000000000000000000000000000000000000000000000000000000000000000000000000000000000000000000000000000000000000f84f95e5a2ead054855de8a9eb87490051f6f775916fb6e1e192dfa2b6192ee9ebbecc4fdbede1777e9f0137f95da77a57ea7ebbcbf0932dc3008ee5de711d0510a12937804600eff58b49b14fed66c387260001f09165fd95ebdc256dff763e7c7c4e79a2d00a6099a761a5a7de8d294f34e61c802dc03d0002400008000120000480001000024000080001200004800010000240000800012000048000100002400008000120000480001000024000080001200004800010000240000800012000de44d6f3026ebb95da6f930e8c6804b050082b9de8932d000120000480001000024000942feb1f82fae85f020ff5bfa3e9947449ed3c017ef813fb98260860991fd1a3632ff773343f932e29ccbfeb9e7ec53ea6fe660b40000800012000048000100002400008000120000480001000024000080001200004800010000240000800012000048000100002400008000120005ea390811187f9287c49baa4eb3fbeb5fbd8c71818b1f86a2ff883bdeaf34a8bab6b5b00024000080001200004800078570a1918b1a8fdebbcd0a7b4a3630d8c58287e60c4a2a77e0de034a63c9181110800012000048000100002400008000120000480001000024000080001200004800010000240000800012000048000100002400008000120000480001000024000080001200004800010002f653d2fe0b85ba9fd26e9c088208085dab54e74670b4000080001bcbda9dcab3d0920425f6e00bd00229ccb0de02c8008c358eaeb3f0ef9ad699be146d935db225fffcbf70cd3aeb2bc33ad43a80a7bf5a7be1f9e370000000000000000000000000000000000000000000000000000000000000000000000000000000000000000000000000000000000000000000000000000000000000000000000000000000000000000000000d9fb0bbb52425a65f4fb1a0000000049454e44ae426082, 'Aluminium'),
('201455480736282', 'Fenêtre carreaux incurvés', 95, 2, 0x89504e470d0a1a0a0000000d4948445200000200000002000803000000c3a624c800000051504c54450000004444404444404444404444404444404444404444404444404444404444404444404444404444404444400000003f3f3f41413f4343404343402121212323232323233f3f3f4242402121212323232b8b4adc0000001974524e53000102030405060708090a0b0c0e0f0104061113fcfcfd08172be2ed0f00000bbe4944415478daeddcdd72e248120650048606033de26f66c7efffa07b41602381b426625da9ae3c5cd11fd3d1319944a4a43cd46ce6e575ff6ae6f379234b95ddbf168bc562214b95dd7f3dde96cbe55b234b94753e5fae56ab65234b94753effb55eaf7f35b24459e7f3f566b35937b244d9ecee8ff3f7ed76fb3eef7c2cab3b6b165f7f9e6f77bbddb6f777645567cddbd71760beddeff7bbdedfd9c96ace9ae5f2f30bd0bceff6bff7bdbfb3fffd5b566fd6fc5a2d17cdedfa60bbdbab51ae6cbd5e2d17b7efc266bbdba951aaec7db35ebddd66c17ab3ddaa51aa6cbbddac6fcf84de56ebcdbb1aa5ca76bbede6f64c68b15cadd76a942bdbefb6b76742cd62b9ea3d1f54a3eab3fdeefdd6f3f962b9d4ff6cd9feeb9a6fbe78d3ff74d9dd3ddf7ca1ffa9b3de7a488df265eaa1ffeaa1ffeaa1ffeaa1ff6aa4ffb244fd6fd42373d631813bf548d7ffae0954a36cfd670273f79f09cc9d3181b933263077c604e6ce98c0e41913983c630293674c60f28c09943dd907a947d29da07ae8bf7ae8bf7ae8bf7ae8bf1ae9bf2c4fff99c0d41913c8047e7ece0432816ac404aa519e8c09cc9d3181b933263077c60426cf98c0e41913983c630293674ca0ecc93e483d92ee04d543ffd543ffd543ffd543ffd548ff6579facf04a6ce984026f0f373269009542326f0c7febdbfdac3f1743a1d0fedfd4b3698d56602db7f3f3e3e3e3efeedbe6483596d26f0a0afaf65b599c0a3bebe96d566024ffafa5af6c3fd286e024ffafa5af6c3fd286e024ffafa5af6c3fd286e028ffafa5af6c3fd286e020ffafa5a56ee99501913d8eaeb6b596d3be1565f5fcb6a3301adbebe96d566425a7d7d2dabcd04b5fafa5a569b096bf5f5b5ac3613d8eaeb6b596d26b0edff7f9e3f5f97cbe57239775fe9b2bffbdf89da4c601b799ffb07640fbb92da4c601b789ffb27640fbb92da4c601b779ffb47640fbb92da4c601b769ffb67640fbb92ea4da0fe8fef4aaa3781fa3fbe2ba9de04eafff8aea47a13a8ffe3bb92ea4da0fe8fef4aaa3781fa3fbe2ba9de04eafff8aea47a1378f7dffde5f77f8fbb92ea4de0d89e20e1efff427725d1f7b9addfff85ee4ac2ef735bbfff8bdc95c4dfe7b67eff17b82b99c07d6eebf77f71bb9229dce71efcfe2f6c573289fbdca3dfff45ed4a024de0d89e20e1efff4e994de06d4f702e78ef1be9134e23354869026f7b8273c17bdf489f701aa9414a1378db139c0b3e878ff409c7911aa4348187ce17a04c1f227dc261a406294d607bff05a8d9e1f7f7224c60774f709ed5edf01ff6224c60774f70aedbe13fee4598c0ee9ee05cb7c37fdc8b3081dd3dc1b96a87ff642fc20476f704e79a1dfeb3bd0813d8dd135c2a76f84ff7224c60774f70a9d8e13fdd8b3081dd3dc1a56287ff742fc20476f704978a1dfed3bd0813d8dd135c2a76f84ff7224c60774f708e98c3e567eed75ee49bbb923426f01c318703666ecb043ef770e788391c30730f4ce0730f778e98c30167161d99c0e71eee1c318703ce2c3a31814c2013f8644fc0043281e5e73013389b31814c2013c80432814c60d0cc6502994026900964029940269009640299c0709fc00432814c60c999cb0432814c2013c8043281117398098c9fb94c2013c80432814c201318318799c0db7e980964029940263062e632814c2013c80432814c2013c80432814c2013c804c6fa84627b1126b0bb27600299402690098cf7094c2013c804969cb94c2013c80432814c201318318799c0f899cb0432814c2013c804328111739809bcbe670299402690098c99b94c2013c80432814c2013c80432814c201318ee138aed4598c0ee9e8009640299402630de2730814c20135872e632814c2013c80432814c60c41c6602e3672e13c80432814c2013c80446cc6126f0fa9e0964029940263066e632814c2013c80432814c2013c80432814c60b84f28b6176102bb7b02269009640299c0789fc00432814c60c999cb0432814c2013c8043281117398098c9fb94c2013c80432814c201318318799c0eb7b269009640299c09899cb0432814c2013c80432814c2013c8043281e13ea1d85e8409ecee0998402690096402e37d0213c804328125672e13c80432814c2013c80446cc6126307ee632814c2013c80432814c60c41c6602afef9940269009640263662e13c80432814c2013c80432814c2013c80486fb84627b1126b0bb27600299402690098cf7094c2013c804969cb94c2013c80432814c201318318799c0f899cb0432815713d8de5e87e3e9743a1edafbd7ff37fba73f730bfdbb6d7b38fe8709fc1f1eae3f0f6bcda27dc2d44c60b6fe3381437b8224fd670287f60449facf040eed09b25c1384fa84099ac06cfd670287f60459ae0998c0813d41966b022670604f90e59a80091cd81364b926600207f60459ae0998c0813d41966b022670604f90e59a80091cd81364b926600207f60459ae0998c0813d41966b022690096402994026900964029d13c8043a27d039811173d83981d33181ce09744ee0cc3981ce09744ea073029d13e89cc0409f506c2fc2043a2790099c39279009744e2013e89c4026d03981ce09744ea0730227e0139c13e89c40e704969cb9ce0964029940269009640223e63013183f739940269009640299402630620e3381b31913c80432814c2013c80406cd5c26900964029940269009640299402690090cf7094c2013c804969cb94c2013c80432814c201318318799c0f899cb0432814c2013c804328111739809bced879940269009640223662e13c80432814c2013c80432814c2013c80432814c60ac4f28b6176102bb7b02269009640299c0789fc00432814c60c999cb0432814c2013c8043281117398098c9fb94c2013c80432814c201318318799c0eb7b269009640299c09899cb0432814c2013c80432814c2013c8043281e13ea1d85e8409ecee0998402690096402e37d0213c804328125672e13c80432814c2013c80446cc6126307ee632814c2013c80432814c60c41c6602afef9940269009640263662e13c80432814c2013c80432814c2013c80486fb84627b1126b0bb27600299402690098cf7094c2013c804969cb94c2013c80432814c201318318799c0f899cb0432814c2013c804328111739809bcbe670299402690098c99b94c2013c80432814c2013c80432814c201318ee138aed4598c0ee9e8009640299402630de2730814c20135872e632814c2013c80432814c60c41c6602e3672e13c80432814c2013c80446cc6126f0fa9e0964029940263066e632814c2013c80432814c2013c80432814c60b84f28b6176102bb7b02269009640299c0789fc00432814c60c999cb0432814c2013d8bf4f4c904dc1274c61e61e92f69f091cda1324e93f1338b42748d27f2670684f90e59a20da274ccd0466eb3f1338b427c8724dc0040eec09b25c13308105f7bf13cf529b40fd4f6e02f53fb909d4ffe42650ff939b40fd4f6e02f53fb909d4ffe42650ff939b40fd4f6e02f53fb909d4ff8c2630e9fee7db5965fd7fbccfd5ebf16c56bb09d4ebf1ac7a13a8d7e359f52650afc7b3ea4da05e8f67d59b40bd1ecfaa37817a3d9e556f02f57a3cabde04eaf57856bd09d4ebf1ac7a13a8d7e359f52650afbf7d76409d2650afbf7d76409d2650afbf7d76401d26f0dc795d2e97cbe52c1bce6a3381b20967eaa1ffeaa1ffeaa1ffeaa1ff6aa4ffb244fd6fd4237356d004caa6d8ff82265036c1fe973481b2e9f5bfa809944d2e2b6b026553cb0a9b40d9c4b2d2265036adacb809944d2b2b6e0265d3ca8a9b40d9b4b2e2265036adacb809944d366302ed04d543ffd543ffd543ffd543ffd548ff6579facf04a6ce984026f0f373269009542326508df2644c60ee8c09cc9d3181b933263079c60426cf98c0e41913983c6302654ff641ea917427a81efaaf1efaaf1efaaf1efaaf46fa2fcbd37f263075c60432819f9f33814ca01a31816a9427630273674c60ee8c09cc9d3181c933263079c60426cf98c0e41913287bb20f528fa43b41f5d07ff5d0ffd96c36dfedf7fbfe336159d559f7f9e06eb7eb3f1396559d75f703dbedb6ff4c58567576ff6ad69bcd66ddc81265f7f780cdaff57add7b262cab3cbb3381cd72b55af59e09cb2acfee4c60f3b65c2edffa9fcb2acfbebe008bc562b1e85d14c8eacf6e5f89663e9f37fd8b425982ecbf2250a321bd50e65f0000000049454e44ae426082, 'Aluminium'),
('30264985106539', 'Porte double battant', 32, 3, 0x89504e470d0a1a0a0000000d4948445200000200000002000806000000f478d4fa00003c414944415478daeddd0b946c575de7f1bdffa7fa0908130472736f575577df9b1054205c058902e12110195e8ab06418c781d1716639ba96e37b707c324b5dce9aa5a30b7cccf81895c72004941054205121c149401070486e575755e786101ec121495775579d3dfbd4a33df7d4e9aaea535d5d7b9ffa1e56077239f5a9ce7f3f7ea74e6a9f2d8a83838383838363ee0e991478def3aed3f647623f1a0f0f0f0f0f0fcf6d4f267cf3a067e8fecf5ffee5cd060f0f0f0f0f0fcf6d4f32be7174d551e8bd5e62bf4488878787878787e7be2759dedcfe572171e5111ded2c57337878787878787827ef4986375fb43f41e2caa335c13f0c1e1e1e1e1e1ede097a47ba00e8bdf952ca95c7de04ff307878787878787827e8f54d19f3c4e8bc95942b8facff307878787878787827efe9de1708475f00c4de3c79e5d1b06f1e4ef00f8387878787878777729eee5d48740ec970e5111dbb13fcc3ace2e1e1e1e1e1e19da8d7ff02a11e7901d03b79397672ffbf1f9ae01fe6e1bd7f188d87878787878777225eff0b84f10705191972f252f264fbf3c084ff307878787878787827eb25f35c45df1f9031af14428a8d8787878787e79db79cf4acd58efe87a4847f21e5cd1fa2d87878787878785e792b295ebbff37c93b0041cac9bb141b0f0f0f0f0fcf2b6f35c5bbe4a141127b415af83728361e1e1e1e1e9e779e24bc81e70648ef05c92d04a3939a141b0f0f0f0f0fcf7baf99f6d0a0fe15821e75a540b1f1f0f0f0f0f0bcf31a87e5b9a47cf26f11fe7878787878785e7b9133f43b7cc90b8036e18f8787878787e7bd3772f55eff02a0b32e90f0c7c3c3c3c3c39b0faf730130c17682141b0f0f0f0f0fcf434f54c68362e3e1e1e1e1e1f9eb65ba00a0d87878787878787e7b4271f0f0f0f0f0f0e6cf138a8377e6cc99cbce96cbcfda28975fb7b3bdf3e3f5cadd3f6a7f7ea4fbb3f3c3db77d57eb07267f527378ae5d71fe567b3b4fe53f6f53f8b8787377b6fb354fa898d52e9fbeccff5e7ce9c39cdfc37dfde912e002876bebc73c5e2869d347e7a63adfcb1a5a0f04563d4cd8196df0943f30663c2ffd4ff69b7dbafb7eccf69ad7efea83f22fae78c31afc7c3c39bbd67a78affa2957ea3fdb9310c0a776f94ca157b51f0ab9bc5e279e6d3f90bffe809c04271e6cbdb5c5bfb1afb09e07f875a2ed849e1676c0f7872e74a5006bb421866ea570a0f0fcf7dcf4e1eebf6af3fa0b4dc6e2f04fedafe5cc77c3a179eeeeffd2363bef92ac5f6db3b7bf6ec921de0bfac24f8b8fd04f08af8eb992cf1f0e6ddd3df6c7f3eb85e2cbef5cbf7de57643ecd6ff8abeeaebfa3ff15406c3f61a1d8fe7a1b1b1b45b3dffa907dd98fc41b9fc9120f0f2f7e1482c22bef7fb0f1e18bb57b9fc27c9acbf02f5cf2e16fc4c9cb14dbf34ffec5e2134c3bfcb0fd9fe7992cf1f0f04679f6afa75aadbd1b2fd62f3e87f93457e1bf98f464c8c94b14db6fefca6271dd1879bf7df16926373c3cbc2378cb8ddde69bab17aacf603ecd8597ccf3ce138065cc2b859062fbe53df1718f7b58cbc87bece5fce54c6e78787847f5ec9f2f19a3de512a95cacccf5e7b0377f2a3bd7f7a777b06c2bfa032ec2a44b1ddf21e585ef9552dea6a26373c3cbc09bccb44e93f5289ef0e313f7be3ada478ed83f64fbc264839799762fbe59d2b979f695ff43a26373c3cbc493d7bd6b51ba5d2f7303f7be7a5adde6bc537ff93d80bd2c2bf41b1bdf374bbad7e89c90d0f0fefb83c1d9a9f3975ead42af3b3575e72f5de5e72e75fe9bd40278ce8a426c5f6cfb39ffe9fa1457d23931b1e1edeb179228f5b5e5cfc57cccfde7acd64f8c7ef00e851570a14db0faf65cceb98dcf0f0f08edd0bf5f7303f7be9350ecb7349f9e4df22fcfdf4ce9f3fbfa042f37226373c3cbce3f6eccbaf899616333f7be345ced0eff0257b449bf0f7d7fbc72f7ce1bc1de48f6072c3c3c39b86d756f23ce6676fbc91abf7fabda2b32e90f0f7db33c69c6772c3c3c39b9aa7c3af677ece8fd7e91959829f62bbe729d15731b9e1e1e14dcd0b0a57313fe7c793ac1d8162bbe70552781c931b1e1edef43cf318e6e7fc78992e0028b69b5e68d4c398dcf0f0f0a6e585ddc7ca323fe7c4138a93272fd44c6e787878d3f3b4667ece8f271427771e931b1e1ede74bceeb7c5989f73e01de9028062fbe131b9e1e1e14dd10b999ff311fed1138085e2e4c76bdb83c90d0f0fcf258ff9d9394ff7f7fe9131df7c9562bbef1ddca06332c2c3c323fcf152c25fc5b6769631de7c450dee2a44b173721b88c90d0f0f8ff09f9bf02fc43d1971f232c526fcf1f0f0f0984fbd0fffc5a427434e5ea2d8843f1e1e1e1ef3a9f75e32cf3b4f009631af14428a4df8e3e1e1e1319f7ae70ddcc98ff6fee9b47d4af81754865d852836e18f878747f8333f3be5ada47807abc592ad1fa49cbc4bb1097f3c3c3c3ce653afbcb4d57badf8e67f127b415af8372836e18f878787c77cea9d975cbdb797dcf9577a2fd009233aa949b1097f3c3c3c3ce653efbd6632fce37700f4a82b058a4df8e3e1e1e1313f7be7350ecb7349f9e4df22fc097f3c3c3c3ce653afbdc819fa1dbe648f6813fe843f1e1e1e1ef3a9f7dec8d57bfd5ed1591748f813fe78787878230ee6e79c789d9e9125f829b693e1af99dcf0f0f0a6e809f3737e3cc9da1128b67b5e600f26373c3cbca97997ae17637ef6dccb740140b1bdf098dcc638ec2bbe685ff839abdda74cf84f3f61785fd86a7d2efaffb2fce0e14de429b5ebf878637ece81271487f09fef4f36e6fec2c2e24f172f2f3fa174b67c65efe75ce95cf9d4d64efdf2a3feac5fb57185fdb9d2befe4a3cbcac9e31e17f27fcf1a6ed09c521fce7f9b6664182b3a109df54ff7ced2317abf7bcea81071e14fa1fdeac3d630f27c75bf7b7a27d73e01de9028062fbe111fe193da3375bedd66f7efe9ecfddb67567e53b55775f0cfa1f9e3f93f9c98cb790f6c8477f899e002c14273f5edb1e84ff849e962b45cb1f6eae153fb55e2abd7a9c0b01fa1fde9c847f268bf675ced3fdbd7f64cc375fa5d8ee7b0737e808ffc93d91ab44e93fda5c2b7f72a3543af48e00fd0f8ff0a73d7c0afff85c2663bcf98a1adc5588623379cc8727eaf15ae93fde582bfffd66b9fc2a75e90e9af43f3cc62fede153f817e29e8c387999623379e075ee955d6dabfd96f592bd10582bbf727373bd40ffc363fcd21e1e85ff62d29321272f516c260fbce40d01f504fb97b7aa507fe262f59e97379b4da1ffe1317e695fc7bd649e779e002c635e2984149bc903ef9f3c2b5edd6ab77eefde8bf77ec85e08bc647bbbf610fd0f8ff0a77d1df406eee4477bfff43ed00c847f4165d85588623379cca567f4d57bfb7b7fa0f6db776c944adfa6585a8b47f8d3beee782b295e3b7647f3922348397997623379e08df0b43c512bfd279b6bc58fda0b8197abf1be604b7fc623fcf1a6e5a5adde6bc537ff8b7fa3392dfc1b149bc903ef089ec893ec85c03b36d6ca776c964a2f53c9ed53e8cf78843fdec978c9d57b7bc99d7fa5f782e424159dd4a4d84c1e78d93c2deac9f6afef5c8f2e04cae597f6db93fe8c47f8e3cdc06b26c33f7e07408fba52a0d84c1e7847f7eccbafb12d78c37aa97cfbb9e2c64b5badd623e8cf78843fde097a8dc3f25c523ef9b7087f260fbce3f5acf41415a81b2ed6efb979a776cf0bed8580a63fe31d7a07c91e843fde845ee40cfd0e5fb247b4097fc21f6f8a9e514f0e5badb75cac5dfc40e5aeed6731def0d23c096481f0c79bd01bb97aefe02126d1ba402623c21fefa43c738d56fadd9ba5d247364aa56f55295f16a43fcfaf67fb86b35b7cd3bef9f13a3d234bf0536c27c35f13aebe79fa1bec64ff9ecd62f1367b2170fdb00b01c6c75c7aaef567a17df3e349d68e40b1ddf3027b10ae9e7a5a9e6a2f046edc28166fdd2c975f900c01c607e1ef447fbef4f294f6f5dccb740140b1993cf0a6e3692d4fb33de1a6f5b5f287ce96cbcf8ffe88fe3c7f9e51c638de9f69df1c784271087fc2da3dcf124f3746bd6fbd54fe9b9dea3d2f6eb55a6cc93d475ed80ef7097fbc697b4271087fc2da5daf20726dd86edd704ffd9e9beeae7df63a7b21a0181ff9f78c3d9ceccfdddf8af6cd8177a40b008aedc92707c235979e8d83a7b55bfb37ec6cefbca77267e53a35e6aa01c607ab7f8eb93f87b4473efa4bf40460a138f9f1daf6205cf3eee96fd25adebf512cdebc592a3d9bf181e77a7fa67d9df3747fef1f19f3cd5729b6fbdec10d3ac235f79ebd0878a6fdeb077a1702d7313e087fc21f6f9cf057dd5d7fbb6d3dc69bafa8c15d85283693079e039ebd107896fdeb07d7d7ca1f3c572e3f93f1c1f825fcf186847f21eec9889397293693079efb9e7de975a151b7d80b810facafad3f83f1c1f825fcf11279be98f464c8c94b149bc903cf2fcf32cf16317f55abd43f70b176efb58c0fc62fe18f9792e79d2700cb98570a21c566f2c0f3c833ea59add6de7beb95fa0d176b179fc6f860fc12fe73eb0ddcc98ff6fee9b47d4af81754865d85283693079e7b9e31eababdbdfdf76ddfb57dd366a9f474c607e397f09f2b6f25c53b582d966cfd20e5e45d8acde481e7bba7bfc5fe7c78a3587cdfd952e91b191f8c5fc23ff75edaeabd567cf33f89bd202dfc1b149bc9032f3f9ed6f27ca3f4adebc5f27bcf95cb4f637c307e09ffdc7ac9d57b7bc99d7fa5f782e453c5a2939a149bc9032f9f9e68f5c2d0a8db36d7ca37aeafaf3f95f1c6f825fc73ed3593e11fbf03a0475d29506c260fbc1c7aa2ae97d07cc45e08bc67a3b8f134c61be397f6c89dd7382ccf25e5937f8bf067f2c09b334fd4b70681baad5ed979db3df5cf5dc3789bada7ed41f8e34de845ced0eff0257b449bf027fcf1e6d733c6bc607fbff9c15aa5f6e6ea85edab186fb3f1249005c21f6f426fe4eabd7eafe8ac0b24fc097f3cbc8ed736d71ba3ff76a3547ad766b1f814c6dbc97a5a6967b7f8a67df3e3757a4696e0a7d84e86bf26bcf08ed3b341f412dbabee582f166f38572a3d99f176e29e6bfd4568dffc7892b523506cf7bcc01e8417de343cd1f2d250e98f6d944a7fc0789bdbf04ffc76b4afef5ea60b008acde481379f9e51fa398cb7e97b4619e3787fa17d73e009c521fc09433cbe10e69617b6c37dc21f6fda9e501cc29f30c423fcddf28c3d9cec2fdddf8af6cd8177a40b008aedc92707c20b8ff067f5cff4fa4b487be4a3bf444f00168a931faf6d0fc20b8ff027fce92f78c382bfbff78f8cf9e6ab14db7defe0061de18537458ff146f8d31efe86bfeaeefadb6deb31de7c450dee2a44b1993cf0e6d3d38c37c62fede16df817e29e8c387999623379e0e1c53cc61be397f6f033fc17939e0c397989623379e0e11de231de18bfb4873f5e32cf3b4f009631af14428acde48187c77863fcd21ede790377f2a3bd7f3a6d9f12fe05956157218acde48147f833de087fdad7296f25c53b582d966cfd20e5e45d8acde48187d7f30ce38df14bfb7ae1a5adde6bc537ff93d80bd2c2bf41b1993cf0f00807c62fede19d975cbdb797dcf9577a2fd029b7f99a149bc9030f8f7060fcd21ede7bcd64f8c7ef00e851570a149bc9030f8ff1c6f8a57dbdf31a87e5b9a47cf26f11fe4c1e787884c3ec3c6d0fda176f422f72867e872fd923da843fe18f874738ccd6934016685fbc09bd91abf7fabda2b32e90f027fcf1f00887d97b5a6967b7f8a67df3e3757a4696e0a7d84e86bf26bcf008ff5c79aef517a17df3e349d68e40b1ddf3027b105e78843fe13fb5fe72e97a31dad7734f18ec4c1e84211ee1ef966794313c11126fda9e501cc29f30c423fcddf2c276b84ff8e34ddb138a43f813867884bf5b9eb18793fda5fb5bd1be39f08e740140b13df9e44078e111feacfe995e7f09698f7cf497e809c04271f2e3b5ed4178e111fe843ffd056f58f0f7f7fe9131df7c9562bbef1ddca023bcf0a6e831de087fdac3dff057dd5d7fbb6d3dc69bafa8c15d8528369307de7c7a9af1c6f8a53dbc0dff42dc9311272f536c260f3cbc98c77863fcd21e7e86ff62d29321272f516c260f3cbc433cc61be397f6f0c74be679e709c032e6954248b1993cf0f0186f8c5fdac33b6fe04e7eb4f74fa7ed53c2bfa032ec2a44b1993cf0087fc61be14ffb3ae5ada47807abc592ad1fa49cbc4bb1993cf0f07a9e61bc317e695f2fbcb4d57badf8e67f127b415af837283693071e1ee1c0f8a53dbcf392abf7f6923bff4aef053ae5365f93623379e0e1110e8c5fdac37baf990cfff81d003dea4a81623379e0e131de18bfb4af775ee3b03c97944ffe2dc29fc9030f8f70989da7ed41fbe24de845ced0eff0257b449bf027fcf1f00887d97a12c802ed8b37a13772f55ebf5774d60512fe843f1e1ee1307b4f2bedec16dfb46f7ebc4ecfc812fc14dbc9f0d784171ee19f2bcfb5fe22b46f7e3cc9da1128b67b5e600fc20b8ff027fca7d65f2e5d2f46fb7aee09839dc98330c423fcddf28c32862742e24ddb138a43f813867884bf5b5ed80ef7097fbc697b4271087fc2108ff077cb33f670b2bf747f2bda3707de912e0028b6279f1c082f3cc29fd53fd3eb2f21ed918ffe123d0158284e7ebcb63d082f3cc29ff0a7bfe00d0bfefede3f32e69baf526cf7bd831b748417de143dc61be14f7bf81bfeaabbeb6fb7adc778f31535b8ab10c566f2c09b4f4f33de18bfb487b7e15f887b32e2e4658acde4818717f3186f8c5fdac3cff05f4c7a32e4e4258acde481877788c77863fcd21efe78c93cef3c0158c6bc5208293693071e1ee38df14b7b78e70ddcc98ff6fee9b47d4af81754865d85283693071ee1cf7823fc695fa7bc9514ef60b558b2f583949377293693071e5ecf338c37c62fedeb8597b67aaf15dffc4f622f480bff06c566f2c0c3231c18bfb487775e72f5de5e72e75fe9bd40a7dce66b526c260f3c3cc281f14b7b78ef3593e11fbf03a0475d29506c260f3c3cc61be397f6f5ce6b1c96e792f2c9bf45f83379e0e1110eb3f3b43d685fbc09bdc819fa1dbe648f6813fe843f1e1ee1305b4f0259a07df126f446aedeebf78aceba40c29ff0c7c3231c66ef69a59ddde29bf6cd8fd7e91959829f623b19fe9af0c223fc73e5b9d65f84f6cd8f27593b02c576cf0bec4178e111fe84ffd4facba5ebc5685fcf3d61b0337910867884bf5b9e51c6f04448bc697b4271087fc2108ff077cb0bdbe13ee18f376d4f280ee14f18e211fe6e79c61e4ef697ee6f45fbe6c03bd20500c5f6e49303e18547f8b3fa677afd25a43df2d15fa227000bc5c98fd7b607e18547f813fef417bc61c1dfdffb47c67cf3558aedbe7770838ef0c29ba2c77823fc690f7fc35f7577fdedb6f5186fbea2067715a2d84c1e78f3e969c61be397f6f036fc0b714f469cbc4cb1993cf0f0621ee38df14b7bf819fe8b494f869cbc44b1993cf0f00ef1186f8c5fdac31f2f99e79d2700cb98570a21c566f2c0c363bc317e690fefbc813bf9d1de3f9db64f09ff82cab0ab10c566f2c023fc196f843fedeb94b792e21dac164bb67e9072f22ec566f2c0c3eb7986f1c6f8a57dbdf0d256efb5e29bff49ec0569e1dfa0d84c1e78788403e397f6f0ce4baededb4beefc2bbd17e894db7c4d8acde481874738307e690fefbd6632fce37700f4a82b058acde48187c77863fcd2bede798dc3f25c523ef9b7087f260f3c3cc261769eb607ed8b37a1173943bfc397ec116dc29ff0c7c3231c66eb49200bb42fde84dec8d57bfd5ed1591748f813fe787884c3ec3dadb4b35b7cd3bef9f13a3d234bf0536c27c35f135e78847fae3cd7fa8bd0bef9f1246b47a0d8ee79813d082f3cc29ff09f5a7fb974bd18edebb9270c76260fc2108ff077cb33ca189e0889376d4f280ee14f18e211fe6e79613bdc27fcf1a6ed09c521fc09433cc2df2dcfd8c3c9fed2fdad68df1c7847ba00a0d89e7c7220bcf0087f56ff4cafbf84b4473efa4bf40460a138f9f1daf620bcf0087fc29ffe82372cf8fb7bffc8986fbe4ab1ddf70e6ed0115e7853f4186f843fede16ff8abeeaebfddb61ee3cd57d4e0ae42149bc9036f3e3dcd7863fcd21ede867f21eec9889397293693071e5ecc63bc317e690f3fc37f31e9c9909397283693071ede211ee38df14b7bf8e325f3bcf3046019f34a21a4d84c1e78788c37c62fede19d3770273fdafba7d3f629e15f50197615a2d84c1e78843fe38df0a77d9df25652bc83d562c9d60f524edea5d84c1e78783dcf30de18bfb4af175edaeabd567cf33f89bd202dfc1b149bc9030f8f7060fcd21ede79c9d57b7bc99d7fa5f7029d729baf49b1993cf0f00807c62fede1bdd74c867ffc0e801e75a540b1993cf0f0186f8c5fdad73baf71589e4bca27ff16e1cfe481874738ccced3f6a07df126f42267e877f8923da24df813fe787884c36c3d096481f6c59bd01bb97aafdf2b3aeb02097fc21f0f8f7098bda79576768b6fda373f5ea76764097e8aed64f86bc20b8ff0cf95e75a7f11da373f9e64ed0814db3d2fb007e18547f813fe53eb2f97ae17a37d3df784c1cee44118e211fe6e794619c31321f1a6ed09c521fc09433cc2df2d2f6c87fb843fdeb43da138843f618847f8bbe5197b38d95fbabf15ed9b03ef48170014db934f0e84171ee1cfea9fe9f59790f6c8477f899e002c14273f5edb1e84171ee14ff8d35ff086057f7fef1f19f3cd5729b6fbdec10d3ac20b6f8a1ee38df0a73dfc0d7fd5ddf5b7dbd663bcf98a1adc5588623379e0cda7a7196f8c5fdac3dbf02fc43d1971f232c566f2c0c38b798c37c62fede167f82f263d1972f212c566f2c0c33bc463bc317e690f7fbc649e779e002c635e2984149bc9030f8ff1c6f8a53dbcf306eee4477bff74da3e25fc0b2ac3ae42149bc9038ff067bc11feb4af53de4a8a77b05a2cd9fa41cac9bb149bc9030fafe719c61be397f6f5c24b5bbdd78a6ffe27b117a4857f83623379e0e1110e8c5fdac33b2fb97a6f2fb9f3aff45ea0536ef335293693071e1ee1c0f8a53dbcf79ac9f08fdf01d0a3ae14283693071e1ee38df14bfb7ae7350ecb7349f9e4df22fc993cf0f00887d979da1eb42fde845ee40cfd0e5fb247b4097fc21f0f8f7098ad27812cd0be78137a2357eff57b45675d20e14ff8e3e1110eb3f7b4d2ce6ef14dfbe6c7ebf48c2cc14fb19d0c7f4d78e111feb9f25ceb2f42fbe6c793ac1d8162bbe705f620bcf0087fc27f6afde5d2f562b4afe79e30d8993c08433cc2df2dcf2863782224deb43da138843f618847f8bbe585ed709ff0c79bb6271487f0270cf1087fb73c630f27fb4bf7b7a27d73e01de90280627bf2c981f0c223fc59fd33bdfe12d21ef9e82fd1138085e2e4c76bdb83f0c223fc097ffa0bdeb0e0efeffd2363bef92ac576df3bb8414778e14dd163bc11feb487bfe1afbabbfe76db7a8c375f5183bb0a516c260fbcf9f434e38df14b7b781bfe85b827234e5ea6d84c1e7878318ff1c6f8a53dfc0cffc5a427434e5ea2d84c1e787887788c37c62fede18f97ccf3ce138065cc2b8590623379e0e131de18bfb48777dec09dfc68ef9f4edba7847f4165d85588623379e011fe8c37c29ff675ca5b49f10e568b255b3f48397997623379e0e1f53cc37863fcd2be5e7869abf75af1cdff24f682b4f06f506c260f3c3cc281f14b7b78e72557efed2577fe95de0b74ca6dbe26c566f2c0c3231c18bfb487f75e3319fef13b007ad49502c566f2c0c363bc317e695fefbcc661792e299ffc5b843f93071e1ee1303b4fdb83f6c59bd08b9ca1dfe14bf68836e14ff8e3e1110eb3f5249005da176f426fe4eabd7eafe8ac0b24fc097f3c3cc261f69e56dad92dbe69dffc789d9e9125f829b693e1af092f3cc23f579e6bfd4568dffc7892b523506cf7bcc01e84171ee14ff84fadbf5cba5e8cf6f5dc13063b9307618847f8bbe519650c4f84c49bb6271487f0270cf1087fb7bcb01dee13fe78d3f684e210fe84211ee1ef9667ece1647fe9fe56b46f0ebc235d00506c4f3e39105e78843fab7fa6d75f42da231ffd257a02b0509cfc786d7b105e78843fe14f7fc11b16fcfdbd7f64cc375fa5d8ee7b0737e8082fbc297a8c37c29ff6f037fc5577d7df6e5b8ff1e62b6a7057218acde481379f9e66bc317e690f6fc3bf10f764c4c9cb149bc9030f2fe631de18bfb4879fe1bf98f464c8c94b149bc9036f465e18dec73a703cc21fef98bc649e779e002c635e2984149bc903efe43ca3d59b9409cf1b65de4df8e311fe7813780377f2a3bd7f3a6d9f12fe05956157218acde481777c5eb40e7cab5eff68a5567ba9bd10f87a7b21f0a7843fe397f0c73ba2b792e21dac164bb67e9072f22ec566f2c09b9d672f04eeb017022f892e046c17f8b319ff7e86f1c6f8a57dbdf0d256efb5e29bff49ec0569e1dfa0d84c1e786e78d185c056adf66213ca37d8bf7d0fe1c0f8a57df18678c9d57b7bc99d7fa5f7029d729baf49b1993cf0dcf32a3b95dbb76ad57f1eb6f553eddfde4838307e695fbc115e3319fef13b007ad49502c566f2c073cbdb7c7ce98ef573e5ef2c2c2f3e571bfde78403e397f6c553e977f253f35c523ef9b7087f260f3c7f26dfd3a72fbfa37876ed954685ef271cf2e1697b10fe78137a9133f43b7cc91ed126fc097f3c3f3f7999503509877c7812c802e18f37a13772f55ebf5774d60512fe843f9ebfb75d95037b41307e8fc7d34a3bbbc537ed9b1fafd333b2043fc57632fc35e1ca2e7c847fae3cd7fab3d0bef9f1246b47a0d8ee79813d0857c29ff027fca7d69f2f5d2f46fb7aee09839dc983b026fc097fb73c137da583bd20f0a6ec09c521fc096bc29ff077cb0bdbe13ee18f376d4f280ee14f5813fe84bf5b5eb4178493fdb9fb5bd1be39f08e740140b13df9e440b8e6c28bd68113fe780ef6e790f6c8477f899e002c14273f5edb1e846b4ebc4016097f3cee64e14dc1d3fdbd7f64cc375fa5d8ee7bca8175e078c7e325d6813b150e8c37c29ff6f037fc5577d7df6e5b8ff1e62b6a7057218acde481a7dcfec2d5947e3fcd7863fcd21ede867f21eec9889397293693071ee11ff3186f8c5fdac3cff01ff8d78a32e4e4258acde481371b2f5a07ee78fb32de18bfb4873f5e32cf3b4f009631af14428acde48177825e3bdc23fcf1087fbc63f006eee4477bff74da3e25fc0b2ac3ae42149bc903eff8bc8cebc035e1cff825fcf162de4a8a77b05a2cd9fa41cac9bb149bc903cffdc957023989bd200ce38df14bfb7ae1a5adde6bc537ff93d80bd2c2bf41b1993cf0fc987c7562a716c281f14bfbceb5975cbdb797dcf9577a2fd029b7f99a149bc903cfcbc9977060fcd2be78c93c1ff8d78afd9ea0475d29506c260f3cc29ff1c6f8a57dbdf31a87e5b9a47cf26f11fe4c1e78fe4dbec6fe8770c88717ed0541f8e34de845ced0eff0257b449bf027fcf1fcfce415b6c3b6cbbf1fe3777c4f025920fcf126f446aedeebf78aceba40c29ff0c7f3f7b6ab72602f08c6eff17889bd209ceacfb46f7ebc4ecfc812fc14dbc9f0d784eb7c863fbb04e6d673ad3f0bed9b1f4fb276048aed9e17d8837025fc097fc27f6afdf9d2f562b4afe79e30d8993c086bc29ff077cb8bf682c8eb4655b4af3b9e501cc29fb026fc097fb7bcb01dee13fe78d3f684e210fe8435e14ff8bbe565dc0b62fafdb9fb5bd1be39f08e740140b13df9e440b8e6c28bd68113fe780ef6e790f6c8477f899e002c14273f5edb1e846b3e3c2dc1c3087f3cee64e14dc1d3fdbd7f64cc375fa5d8ee7bca8175e078c7e419f343f5ad9ddfb9ef9e7baf722d1c186f843fede16ff8abeeaebfddb61ee3cd57d4e0ae42149bc9036fba9e36cabc627777efb6ad3b2bbfbdfd99adab1df9fd34e38df14b7b781bfe85b827234e5ea6d84c1e7833f5b46879a592e0ef374aa5b7ad9f59ffba19ff7e8c37c62fede167f82f263d1972f212c566f2c073c6d35ae9ef90c07c62b3547efbfafafa1367fcfb31de18bfb4873f5e32cf3b4f009631af14428acde481e78cf7ed129a8faf17cbef3c5b2a5d43f8337e097fbc21dec09dfc68ef9f4edba7847f4165d85588623379e09dac275abdcc28fdd18d52e95d9bc5e27975327b4130de18bfb4873fde4a8a77b05a2cd9fa41cac9bb149bc903cf5d4f2bfd121bfdb78b92e79cc0ef67186f8c5fdad70b2f6df55e2bbef99fc45e9016fe0d8acde481e789279d5b7d8403e397f6c57bb81a5cbdb797dcf9577a2fd029b7f99a149bc9030f8f7060fcd21ede7bcd64f8c7ef00e851570a149bc9030f8ff1c6f8a57dbdf31a87e5b9a47cf26f11fe4c1e787884c3ecbc682f08da176f422f72867e872fd923da843fe18f874738ccd6934016685fbc09bd91abf7fabda2b32e90f027fcf1f00887d97b5a6967b7f8a67df3e3757a4696e0a7d84e86bf26bcf008ff5c79aef517a17df3e349d68e40b1ddf3027b105e78843fe13fb5fe72e97a31dad7734f18ec4c1e84211ee1ef966794318ef717da37079e501cc29f30c423fcddf2c276b84ff8e34ddb138a43f813867884bf5b9eb18793fda5fb5bd1be39f08e740140b13df9e44078e111feacfe995e7f09698f7cf497e809c04271f2e3b5ed4178e111fe843ffd056f58f0f7f7fe9131df7c9562bbef1ddca023bcf0a6e831de087fdac3dff057dd5d7fbb6d3dc69bafa8c15d8528369307de7c7a9af1c6f8a53dbc0dff42dc9311272f536c260f3cbc98c77863fcd21e7e86ff62d29321272f516c260f3cbc433cc61be397f6f0c74be679e709c032e6954248b1993cf0f0186f8c5fdac33b6fe04e7eb4f74fa7ed53c2bfa032ec2a44b1993cf0087fc61be14ffb3ae5ada47807abc592ad1fa49cbc4bb1993cf0f07a9e61bc317e695f2fbcb4d57badf8e67f127b415af837283693071e1ee1c0f8a53dbcf392abf7f6923bff4aef053ae5365f93623379e0e1110e8c5fdac37baf990cfff81d003dea4a81623379e0e131de18bfb4af775ee3b03c97944ffe2dc29fc9030f8f70989da7ed41fbe24de845ced0eff0257b449bf027fcf1f00887d97a12c802ed8b37a13772f55ebf5774d60512fe843f1e1ee1307b4f2bedec16dfb46f7ebc4ecfc812fc14dbc9f0d784171ee19f2bcfb5fe22b46f7e3cc9da1128b67b5e600fc20b8ff027fca7d65f2e5d2f46fb7aee09839dc98330c423fcddf28c32862742e24ddb138a43f813867884bf5b5ed80ef7097fbc697b4271087fc2108ff077cb33f670b2bf747f2bda3707de912e0028b6279f1c082f3cc29fd53fd3eb2f21ed918ffe123d0158284e7ebcb63d082f3cc29ff0a7bfe00d0bfefede3f32e69baf526cf7bd831b748417de143dc61be14f7bf81bfeaabbeb6fb7adc778f31535b8ab10c566f2c09b4f4f33de18bfb487b7e15f887b32e2e4658acde4818717f3186f8c5fdac3cff05f4c7a32e4e4258acde481877788c77863fcd21efe78c93cef3c0158c6bc5208293693071e1ee38df14b7b78e70ddcc98ff6fee9b47d4af81754865d85283693071ee1cf7823fc695fa7bc9514ef60b558b2f583949377293693071e5ecf338c37c62fedeb8597b67aaf15dffc4f622f480bff06c566f2c0c3231c18bfb487775e72f5de5e72e75fe9bd40a7dce66b526c260f3c3cc281f14b7b78ef3593e11fbf03a0475d29506c260f3c3cc61be397f6f5ce6b1c96e792f2c9bf45f83379e0e1110eb3f3b43d685fbc09bdc819fa1dbe648f6813fe843f1e1ee1305b4f0259a07df126f446aedeebf78aceba40c29ff0c7c3231c66ef69a59ddde29bf6cd8fd7e91959829f623b19fe9af0c223fc73e5b9d65f84f6cd8f27593b02c576cf0bec4178e111fe84ffd4facba5ebc5685fcf3d61b0337910867884bf5b9e51c6f04448bc697b4271087fc2108ff077cb0bdbe13ee18f376d4f280ee14f18e211fe6e79c61e4ef697ee6f45fbe6c03bd20500c5f6e49303e18547f8b3fa677afd25a43df2d15fa227000bc5c98fd7b607e18547f813fef417bc61c1dfdffb47c67cf3558aedbe7770838ef0c29ba2c77823fc690f7fc35f7577fdedb6f5186fbea2067715a2d84c1e78f3e969c61be397f6f036fc0b714f469cbc4cb1993cf0f0621ee38df14b7bf819fe8b494f869cbc44b1993cf0f00ef1186f8c5fdac31f2f99e79d2700cb98570a21c566f2c0c363bc317e690fefbc813bf9d1de3f9db64f09ff82cab0ab10c566f2c023fc196f843fedeb94b792e21dac164bb67e9072f22ec566f2c0c3eb7986f1c6f8a57dbdf0d256efb5e29bff49ec0569e1dfa0d84c1e78788403e397f6f0ce4baededb4beefc2bbd17e894db7c4d8acde481874738307e690fefbd6632fce37700f4a82b058acde48187c77863fcd2bede798dc3f25c523ef9b7087f260f3c3cc261769eb607ed8b37a1173943bfc397ec116dc29ff0c7c3231c66eb49200bb42fde84dec8d57bfd5ed1591748f813fe787884c3ec3dadb4b35b7cd3bef9f13a3d234bf0536c27c35f135e78847fae3cd7fa8bd0bef9f1246b47a0d8ee79813d082f3cc29ff09f5a7fb974bd18edebb9270c76260fc2108ff077cb33ca189e0889376d4f280ee14f18e211fe6e79613bdc27fcf1a6ed09c521fc09433cc2df2dcfd8c3c9fed2fdad68df1c7847ba00a0d89e7c7220bcf0087f56ff4cafbf84b4473efa4bf40460a138f9f1daf620bcf0087fc29ffe82372cf8fb7bffc8986fbe4ab1ddf70e6ed0115e7853f4186f843fede16ff8abeeaebfddb61ee3cd57d4e0ae42149bc9036f3e3dcd7863fcd21ede867f21eec9889397293693071e5ecc3b91fe7cfefcf98552a9b43ceecf55575db9fa95af3cf0e8071e7870c5fe2c473ff6ef177776ee69dd75d7f6e2512c173c13ea02e18f77cce1bf98f464c8c94b149bf0c7c33bc49b6a7fbefff35ffce982d2bbe3fe847bad07bf74df97eefbe2e7be786fffe70bf77ee1be5663efc1a338ae785ad47f24fcf18ed14be679e709c032e6954248b1097f3c3cfa331ef3a977dec09dfc68ef9f4edba7847f4165d855886213fe78843ffd99f0677e76ca5b49f10e568b255b3f483979976213fe78783dcfd09ff1989fbdf0d256efb5e29bff49ec0569e1dfa0d8843f1e9e4be1407b10fe786379c9d57b7bc99d7fa5f7029d729baf49b1097f3c3cc21f8ff9d47baf990cfff81d003dea4a816213fe7878f4673ce667efbcc661792e299ffc5b843fe18f8747f8e3319f7aed45ced0eff0257b449bf027fcf1f0087f3ce653efbd91abf7fabda2b32e90f027fcf1f0087fbc1107f3734ebc4ecfc812fc14dbc9f0d74c6e78843fde143d617ece8f27593b02c576cf0becc1e4869787f0d7f6a03d1cf42e5d2fc6fcecb9272e0c76bca9784c6e785e867fe449208bb4074f84c49bae271487f06772c373ed0b613af15193f620fcf18edf138a43f833b9e1b914fef46787bdeeb7c5989f73e01de9028062fbe131b9e111feb4ef14bd90f9391fe11f3d0158284e7ebcb63d98dcf0f210fec6fe87f6a0bfe04dc5d3fdbd7f64cc375fa5d8ee7b0737e8988cf0a6e89dc89dac76b8477b10fe78c71ffeaabbeb6fb7adc778f31535b8ab10c5cec96d202637bc237afa24fab3b107ed41f8e31d7bf817e29e8c3879996213fe7878318ffe8cc77cea67f82f263d1972f212c526fcf1f00ef1e8cf73e98dbe33c3fceca497ccf3ce138065cc2b85906213fe7878f4e7f9f624340f329f7ae70ddcc98ff6fee9b4674af81754865d852836e18f47f8d39ff3ed19adee653ef5ca5b49f10e568b255b3f483979976213fe78783dcfd09fe7d7335adfc97cea8d97b67aaf15dffc4f622f480bff06c526fcf1f026f1e8cff9f1c4e8ffc3fcec8d975cbdb797dcf9577a2fd029b7f99a149bf0c7c323fcf1fac7be0aff92f9d94baf990cfff81d003dea4a816213fe7878f4e779f6cc5fd7ebf5cf323f7be7350ecb7349f9e4df22fc7df5c430b9e111fe78d3f0b491df627ef6ca8b9ca1dfe14bf68836e1efaf67e3ff2126373cc21fefb83ddb78db8f7ccc656f657ef6ca1bb97aafdf2b3aeb02097fbf3dfba2cf32b9e111fe78c7ed89d13f76c71d77ec333fe7cbebf48c2cc14fb1ddf344f49d4c6e78843fde717a4699775fa86fbf9df9397f9e64ed5814db3d6f6979f1d34c6e7879087f6d0fdac3012f0c6b85bda5d7f5568a313fe7ed5f1b13fef9f12e7bec659f0a4df80526373c9fc33ff2249045da63e6defdb6195f54fc9a2bbec4fc9c4f4f284e7ebca5a5a53090e0dd4c6e783e877fe4e94bf72da13d4efe93ff7d5a99e7ae5fb5f90fcccf39fed7c614275fdec242e17799dcf07c0eff84477b9cb067cffe684bf4d3cae7d63fcefc9cf3e7c4509c7c79a7d64e7dd88ee0f732b9e111feb4ef513c7bee9e6dc25f08160ad79e3bb75e673ecd77f847dfeb108a933fcf18f9d1509916931b9eafe16fec7f688f93f1ec79fbb6dcbf5bd0eaeaad5aeda7cae533fbcca7b9f6747fef1f19f3cd5729b63f5ee5eeca27b5d1bfc0e486370def24fa73d88e3e8dd21ed3f2ec0784078c09df672bfdfdc1d2e2e9ad7af5b577d5eb15e6d3fc87bfeaeefadbed3b63bcf98a1adc5588623beeadd54b6f889eefc4648977cc9e3e89fe1c8a7aab51e63b8ff263955717160aaf9582bceee02790d786267cf551ad3c7af6cf5f6143ffb962c2cded5aed91957afd855bf5fa6f5cb870e1f3cca77313fe85b827234e5ea6d87e7ab7a85b5a26085e117da187f0c23b46ef44faf3f6f6f6272ab5da5bc6fdd938b7feb6f5b3e5f7ac95cfbc63ad74e64f7a3f6fb77ffffb5bd5ea9b8f62e5d5dbaed7ffc486fe07a24ffaaafb9c78e6d3f90affc5a427434e5ea2d87e7b954ae51fdb267c5eb48b17e18577cc1ee30d0fcf1f2f99e79d2700cb98570a21c5f6d3abd7ebf7eb85856fb12ff80dc20b8ff0c7c39b3b6fe04e7eb4f74f676ca7847f4165d8558862bbeb5db870a159a955bfdf1879a168758130c423fcf1f0e6c25b49f1da07e33bf19a20e5e45d8a9d0f6fe3cae2ada7cb6b4f0f24f8012bd50943bc0c9e61bce1e179e1a5adde6bc537ff93d80bd2c2bf41b1f3e5150ac1fe99f5d37f70ba7cfa9ad084afb3d8166188374d8ff18b8737132fb97a6f2fb9f3aff45ea0536ef33529767e3d7b21f0e5ad6af57f166ba5c71badbe3b54e602e18547f8e3e1e5d26b26c33f7e07408fba52a0d8f9f4a2e582956af5f78bb5f2d5dae87fa94c7827e18547f8e3e1e5c66b1c96e792f2c9bf45f8cf9f175d085ca86fffe156bdfe8450997fa142f57f09433cc21f0fcf5b2f72867e872f39e2db84ffdc7beded5aed8fb776aa5fdb797a98529f260cf1181f7878de792357eff5477d675d20e18f17bf10889e1e2605fda485c2c2772b6dfe8130c4637ce0e1e5c7eb8cfc2cc14fb1e7c35b5f2fad9e593f7dc3e5a72fff2609e4bb94093f4918e2313ef0f0fcf724ebc441b1e7cb5b5a5a0ad7ca67de1506fa1aa3ccb79950fd1d6188c7f8c0c3f3d713063bde51bcadaded56a5567b6765a7fa1415aa970edb6c887025fc196f7878ee7a4271f0327a666ba7faeeed5af5eb43a35f6cfff676c290f0677ce0e1f9e309c5c19bd033dbf5ed3fdbaad59e6a94f95663c28f10ae843fe3030fcf6def481700141b6fc4612ab5da7b2bf5fad3adf0429b29b712ae843f1e1e9e9be11f3d0158280ede317b66fd6cf92f4a9b67ae0f0a0b2fd35add46b812fe787878ce78babff78f8cf9e6ab141bef285ea15050674aa76ebea27885bd109017b7dbadbf265cf3e1313ef0f0fc0d7fd5ddf5b73b378cf1e62b6a7057218a8d3796672f04c233a5333756eaf5675afad936776e265cbdf634e3030fcfdbf02fc43d1971f232c5c63b2e6fab56bb797ba7fa6c1b21cfb27ffb7ec2d54b8ffe8c87e767f82f263d1972f212c5c69b867757b5fa575bb5eaf38c09bfd99ef61784ab971efd190fcf1f2f99e79d2700cb98570a21c5c63b6eaf52af7f68ab567bbe3dfddad0a89b0857c21f0f0fefd8bd813bf9d1de3f9db19d12fe05956157218a8d97d5b31701b76ed7abd707a2af152d7f4e5813fe787878c7e2ada478ed83f19d784d9072f22ec5c63b09afb859fa54e96cf1950b0b4bcfb6ea4d84b5939ea13fe3e179e1a5adde6bc537ff93d80bd2c2bf41b1f14edabba2f8b88f95368aaf32a6fd0da109df4558fbed313ef0f066e22557efed2577fe95de0b74ca6dbe26c5c69ba577a15abb7dbb5e7f9928738d0ad53b0857c21f0f0f2f93d74c867ffc0e801e75a540b1f166e5dd55abfdddd64ef5db43d14f32cabc9d7025fcf1f0f0c6f61a87e5b9a47cf26f11fe782e7adbdbdb9fa8d46adf61daf275f642e06dbdf3096bc21f0f0f6fd08b9ca1dfe14b8ef836e18fe7ba57b9bbf2497b21f02a6dc2afb5af7a73f45ac29af0c7c3c3bbc41bb97aaf3fea3beb02097f3c9fbc0bf5faa7d7af2cbf667175f9a95aebb7f5ae78096bc21f0f0f6f0caf33f2b3043fc5c673c53b7dfaf2bb8a1b6bdf1b5d0818adde1c4e9086843fe18f87372f9e649d3828369e6bdea9538fbdabbc517c8d6a075759f9f754ec81178435e18f8787770c1700141bcf656febeead0b5bf5eabfd661fb2afb87ff2354a6455813fe787878135e00506c3c5fbc0b3b3b5b955af5df2c1873a551e6b70fbb1020fc097f3cbc79f484e2e0e5ddbbb35edfaed46adf6bb43e6bcf7e930dbb7dc29ff0c7c39b67ef481700141bcf77af5aadd6b6ead57f278b0b9bf6856fb47fb447f813fe7878f318fed1138085e2e0cd9bb7bebe7671e35cf9c71ff1b0afbac65e02ff960dc126e14f7fc1c39b134ff7f7fe9131df7c9562e3e5cdfbea2b2ebb585a2ffee8573d7cf589a169ff9a0a5583f01feba0ffe1e1791afeaabbeb6f776e18e3cd57d4e0ae42141b2f37dea34f3df6c256b5f683fb3adc3046fd37fb67bb84ffa19ea6ffe1e1791bfe85b827234e5ea6d878f3e2d5ebf5cf56ead51f0a45af9b50fd57fb470f11fe031efd050fcfcff05f4c7a32e4e4258a8d378fdef6f6f6e72a3bd51f3681acdbd37ed99ef820e13fe0d15ff0f0fcf19279de7902b08c79a510526cbc79f32a95ca7d5bb5da8f15f616cbf615bf182af300e14f7fc1c3f3cc1bb8931fedfdd319db29e15f50197615a2d87879f5eefcec9d5fd8aa577f62d5980d09825fb161fa00e14f7fc1c3f3c05b49f10e1e919e1cdd41cac9bb141b0fef3a3975e546b3b4b1f60b0f7fd423be4e44ffb20dd6afcce1d241437fc1c3f3c24b5bbdd78a6ffe27b117a4857f8362e3e15dea3de6318fbe7f6d7ded0daa10948d513fa342f5e53909ff4c16fd0f0f6f265e72f5de5e72e75fe9bd40a7dce66b526c3cbcc3bdadadad2f55ead59f350b125d08fc67fb67f713fef4173c3c07bd6632fce37700f4a82b058a8d8797ee552a957fb417023faf170a65fb7fbfdefed197087ffa0b1e9e235ee3b03c97944ffe2dc21f0fefe8de850b17fedf56adf686c2f252d928f313f6a42f12fef4173cbc19799133f43b7cc911df26fcf1f026f33ef399cf7ca552abfde2ca43abd1bf1af8b1d0849f27fce92f787827ec8d5cbdd71ff59d7581843f1edef1799ffefca71fd8b8b2fc2ba71efda8274aa05fafec8500e18f8787e78ad719f959829f62e3e18de7ad3efab2ddb5f2daaf3ff2abffd99302d13f19b6c27b097f3c3cbc597b9275e2a0d8787847f31ef5a8473e78667ded979aa6156d3af483f68f3e4bf8e3e1e1cdca13063b1edec97a77df7df76ea55efdb596321bcae8ff60dfe022e18f878777d29e501c3cbcd978b55aadb155dffef560a1b0192af3ef4313ee10fe78787827e509c5c1c39bad77e1c285e676adf6c66071f19cd1eafb6c1ad7097f3c3cbc697a47ba00a0d87878d3f5a20b814ab5fa9b4b8f78f839adf4bf152575c21f0f0f6f1ae11f3d0158280e1e9e5bde15573cb6553e577acbe9f5d3e77520df1f6a5525fcf1f0f08ec9d3fdbd7f64cc375fa5d8787827eb150ac17eb17ce60fd78aa7cf87267cadc5b6661dfebd83f6c5c3f334fc5577d7dfeedc30c69bafa8c15d8528361ede0979f642e0cb5bd5eaef166ba5c75bfdbb9409ef9c55f85b4fd3be7878de867f21eec988939729361e9e1bde2dea96d656bdfabfb6eaf52784267c8d4df2cf9c70f82bda030fcfdbf05f4c7a32e4e4258a8d87e7a4d7deaed7ff686ba7fe354699579b50fdc30985bfa23df0f0bcf49279de7902b08c79a510526c3c3ce7bc76a5567b7365a7fab57684beca9efc29c21f0f0f2fe10ddcc98ff6fee98ced94f02fa80cbb0a516c3cbc9979e1d64ef56d52d04f5e5c58fc2ea5cda7097f3c3c3cd5fd0e5fd26b1f8cefc46b8294937729361e9efbdefa7a69f574f98a775f7efaf26f0e0ac16b8c517f3f85a58386f6c0c3f3c24b5bbdd78a6ffe27b117a4857f8362e3e1f9e52d2d2d85674aa7fff4618f5cbdc6fec9cbec35c0c78e29fc335d48d0be787833f192abf7f6923bff4aef053ae5365f9362e3e1f9eb7dfce39f6c6f55abefdadea99ed7a17e89fde3db097f3cbcb9f49ac9f08fdf01d0a3ae1428361e9eb79eb9b0b3fda75bb5da538d322f5226fc5bc21f0f6f6ebcc661792e299ffc5b843f1e5e2e3d53a9d56edcaad7bfd1fecfeb4da86e23fcf1f072eb45ced0eff025477c9bf0c7c3cbbd67b66ab59b2a3bd56bc3503fdffefd87087f3cbcdc792357eff5477d675d20e18f8737579ed9bcaaf4feb5f5332f2a1482976aad6e25fcf1f0e6c7eb5c0064097e8a8d87970faf5028a8d3a5d3b714378ad717168217b55ae12dcc077878f9f744653c28361e5efebcd3c5d3376def54af13ad9e65fffe03d40f0f2fbf5ea60b008a8d87976fefae6af5afb66ad5e79a509e61ffafbfa07e7878f9f384e2e0e1e11de655762a7fb355ab3ddf9e72ad31e1fba81f1e5e7e3ca138787878a33c7b11706ba55e7fa184ed17503f3c3cffbd235d00506c3c3cbcad9d9d4f513f3c3cffc33f7a02b0501c3c3c3c3c3cbcb9f1747fef1f19f3cd5729361e1e1e1e1e9edfe1afbabbfe760e19e3cd57d4e0ae42141b0f0f0f0f0fcfaff02fc43d1971f232c5c6c3c3c3c3c3f33efc17939e0c39798962e3e1e1e1e1e179ef25f3bcf3046019f34a21a4d8787878787878de790377f2a3bd7fa2ff2129e15f50197615a2d87878787878784e792b295ebbff37c93b0041cac9bb141b0f0f0f0f0fcf2b2f6df55e2bbef99fc45e9016fe0d8a8d8787878787e79d975cbdb797dcf9577a2fd009233aa949b1f1f0f0f0f0f0bcf79ac9f08fdf01d0a3ae1428361e1e1e1e1e9e775ee3b03c97944ffe2dc21f0f0f0f0f0fcf6b2f72867e872f7901d026fcf1f0f0f0f0f0bcf746aedeeb5f0074d60512fe787878787878f3e1752e00b2043fc5c6c3c3c3c3c3f3d71395f1a0d8787878787878fe7a992e00620f19e8bf69ffe942933eb4000f0f0f0f0f0fef043cc9f8e62bbdbf0d7b3fd19b3f34e1e30af1f0f0f0f0f0f04ec8930c6fbe9cb8f218b9d4000f0f0f0f0f0fcf1def481700b15d024de2ca6377c2fd89f1f0f0f0f0f0f04ec8eb9b72c4374f5e7934332e1dc4c3c3c3c3c3c39b81d7dffb47c67cf342ca95c7de04ff307878787878787827ef0563fd2b80c4c9f12b8fd631bc391e1e1e1e1e1edec97a7aac0b80deff1fbff208ed1bb7b23e38080f0f0f0f0f0f6fe65ee7a242465c2d98f89547f4b8e08c6f8c878787878787e78e67fe3f64c111339dccf7330000000049454e44ae426082, 'Aluminium');

-- --------------------------------------------------------

--
-- Structure de la table `metamodul_has_metaslot`
--

CREATE TABLE `metamodul_has_metaslot` (
  `id_composition` int(11) NOT NULL,
  `refMetaModule` varchar(45) NOT NULL,
  `idMetaSlot` int(11) NOT NULL
) ENGINE=InnoDB DEFAULT CHARSET=utf8;

-- --------------------------------------------------------

--
-- Structure de la table `metaslot`
--

CREATE TABLE `metaslot` (
  `idMetaSlot` int(11) NOT NULL,
  `label` varchar(45) NOT NULL,
  `numSlotPosition` int(11) NOT NULL,
  `refMetaModule` varchar(45) NOT NULL
) ENGINE=InnoDB DEFAULT CHARSET=utf8;

-- --------------------------------------------------------

--
-- Structure de la table `module`
--

CREATE TABLE `module` (
  `id_module` int(11) NOT NULL,
  `coordonneeDebutX` int(11) NOT NULL,
  `coordonneeDebutY` int(11) NOT NULL,
  `colspan` int(11) NOT NULL,
  `rowspan` int(11) NOT NULL,
  `refMetaModule` varchar(45) NOT NULL,
  `refPlan` varchar(20) NOT NULL
) ENGINE=InnoDB DEFAULT CHARSET=utf8;

-- --------------------------------------------------------

--
-- Structure de la table `plan`
--

CREATE TABLE `plan` (
  `refPlan` varchar(20) NOT NULL,
  `label` varchar(45) NOT NULL,
  `dateCreation` date NOT NULL,
  `dateModification` date NOT NULL,
  `refProjet` varchar(20) NOT NULL,
  `typeCouverture` varchar(45) NOT NULL,
  `id_coupe` int(11) NOT NULL,
  `typePlancher` varchar(45) NOT NULL,
  `nomGamme` varchar(45) DEFAULT NULL
) ENGINE=InnoDB DEFAULT CHARSET=utf8;

-- --------------------------------------------------------

--
-- Structure de la table `plancher`
--

CREATE TABLE `plancher` (
  `typePlancher` varchar(45) NOT NULL,
  `prixHT` int(11) NOT NULL,
  `image` blob NOT NULL
) ENGINE=InnoDB DEFAULT CHARSET=utf8;

--
-- Contenu de la table `plancher`
--

INSERT INTO `plancher` (`typePlancher`, `prixHT`, `image`) VALUES
('Bois', 50, 0x89504e470d0a1a0a0000000d494844520000003200000032080300000029e17883000000c3504c5445fffffff8f8f8f6f6f6fdfdfdf4f4f4fafafad8d8d8efefefecececdcdcdce3e3e3e0e0e0dededee5e5e5dadadae9e9e9e7e7e7d5d5d5c9c9c9e2e2e2f1f1f1525252d3d3d3c3c3c3bfbfbfcbcbcbc6c6c6d1d1d15757574f4f4fcfcfcf8d8d8d4d4d4dcdcdcdadadad9a9a9a8a8a8abcbcbcb9b9b9abababa8a8a88888885454549d9d9da0a0a0929292606060b0b0b0a2a2a2979797959595858585b6b6b64a4a4a8f8f8f7c7c7c5d5d5d484848424242b3b3b3a5a5a56464648282827777776a6a6a264ec287000004cb4944415448c7a556d7969b30103542a857c0808d7bf7ba97edbb49feffab3238cdf825cec95812920e5777cac5d008c11a77d9d57d210aa2bbec82b960038cd11d86e1e41f9800e1200aee328ca20ba49a6084c11080a1e38a155a90562346d0aaad6a44c10f08905cd610103414e2e832433844b08a50f4c38b34c070b97806506829a52905633f3abb2cd2cb0c460c179c02ee27044822bb1d341f9a95752e63f761d07d6876ab3de81d98bfc808fd860073e85f77e7e9ee7d713a8fa6eff1695ccca6c5c7737e7e7f9f2d0fc56c544cdf5a0dfc0712e0903415654c90b595543656ed94e8a87dc0da2abb289893943ec421aa43ba31cea8e9ada4a76534ceb924687a645264727f76841bd68c6f59066de403d91b6b82141be7de99b49850c5895ecf9877440324fd9d31487a83bcc58c47363e58ce5872cc95521420d270b62e24176ed8b96681a285e6510993d9b86f0d8ff5c41b2301926823edb1b0499266831a2440a11f28458c6a4f9c4a4af6254b4aa3f2bea5436f275346213700b90d9f10c55c3e718449f63c6340d93bf106c9dcc71ca724559d56580f9f7709974e164f9650e39e66cc052efe8aa5e27ab36850c27877088ed5c21f10af920458144b5cbf1024e0c533cb7c892733514a48722b44750838c6b5cb4fd6082f97b1e258167dae6ce916672892219d76034737104d4a96f729e7a5deb4124579de7719e3763fa5a2c75a0009ea2c4da25c46a77dccd354ac5a9ad8ac0d45322259171a7bea5f5bb7197b548446363f6a2e905cf720713eef0b5212b79a725452f178234b08df591b3abfe242a572e399a4a2f5d5f53016fb98198e5390651aa16b96d73c3f0f67bb314f391587457b5e14eb67a934d2ab3d9916bdf8b69401797b5ef697fdaf63410d9587af93e3d3d369e9aca1eae3eb64d5df7c79ac95f22298a1a052f88d555099652b0d95e047cb0ce3a064c652554f324220fe98586fc817ea69169c6221649a4f844874f231d2a00cffd803961aa4d9e3d4c8acd218414f2d29059a3e6bc8b15b15892692bcf61a37906ecba446c67b0ee7eb550937e3fca47992b8c3ce49a34c17ea720369831ef970ef04717233b38690ec892b9db0f5881170ad13d73506b1142a15a2bdc42401f1ee58c66cd6b79227743db35cabe10394b206f16fb98ca48b4f98084fbfc4d2733b5b269c4b3ace9d146af83abc51b2eff6b420b6585aa6087bf24e4b71ee6bc8023de44a6a91bd0dc36b962a63996b79db5a3ae4addf6751897071d44225741c4be184a99512231c65dd18644bfcc14552b053bba1342d3789e1c68e63075ae50fed3f1943d51fac1980f81cef1d2162839ecf94125b6e344880adda504f018f5888af21117f8db1d126de2799292378c428a4a19f00c4aedb8249e521c935f147e63546a08a7895e96488c7a55686f965a212af3f72cd8822d78e4597ba74734c38cf8f8409cfc665ca89ed7d114a6576df56552d3bc34650af4bb3a49aa7ad7182ad61631f284187207e2de92277580b0d4aae2539226fdbceb7edf6e571fbf2f2f2f9f8f2adf3f9d9196cb79f9dcfe6c3f673fbb27dbb92657479a74e3f46a3f968b79b2fe6f3c5fb08c6f9e87dbe18cd173be8a3dda8a05528bf5eaf11c24158c1afbe1e605d6d5d6dc2c101fae318d0fcd55065d14fc730bacfaa502e903082c57dbfe842720105c17d2ce1f5b7d27dd6f84ffb2792efe35475bf1f5138be0000000049454e44ae426082),
('Carrelage', 90, 0x89504e470d0a1a0a0000000d494844520000003200000032080300000029e17883000000c0504c5445fffffff7f7f7fdfdfdf5f5f5fafafaf1f1f1efefefd6d6d6dfdfdfbababadcdcdcb3b3b3c2c2c2dadadad8d8d8cdcdcdeaeaeabcbcbcd3d3d3d0d0d0bebebeb7b7b7e6e6e6c7c7c7c4c4c4c0c0c0afafafb5b5b5ececece1e1e15c5c5cacacac9191916868686262624f4f4fb1b1b1a0a0a06e6e6e5353538484847d7d7de3e3e3cacacaa3a3a3656565a6a6a66b6b6b5f5f5f5555554b4b4b9a9a9a727272575757959595898989797979a9a9a98c8c8c8080809d9d9d7676764545453e3e3e392730c9000004cc4944415448c79556e762da30103e9d96f7002fccde7b8695a469dfffad7a4a0905f747db4f0364dfa75bd201001280fadff1256308ff894f1dff88070e13ec1f20c4dd322118679c1b9e301f864f0f6e726632efb8e94681a17c8a0a23cda591356b7ac2eeb8b3187e69319b1b3d822bc13eb733ed1724679f7b4943e137d3d0883dd869da9f7124a9270aa756f712af6834f2861717456c1779ec798d86e7253462af11ca4fca6d2b615ce19d1fd7fd607b1caed79353bfdfff7ee80ff6dbede0d49f0c3adb8fe90f0b6f5aee14d5bfbe861cc25c6011229e6dfd163a5ca511466e04f5592740261f284c0a3570e6298436137943606f26a07b555137606ae3636de2aeeb26a40f140ac9c0c259375762d940f1d2cdba0adc4b6c41b669839eb5ed8316fcd13082ecd4b135496069331ccf39864d09dd1944a583d62486e8a445c517a6d6ab362ce6cd42e1f8251b29514b5a30eee59a74e846aea6c133850c536bedfad09ed4617c54c229392c5d06ab0b649311b6ecb8a32b11932807016f5ae05c56e796abd049c92b97c3eaa5570b0b60e530303b3f5284ece4989516ac0ec41b29d43617790cad690f645a836c1a54b5902f634b2c92f1d9796fa3e54ad01487dc9be9cd0664a9d5b4924a46d91ff86900ee51c2a81f81df54504b8438a6208f239071e3a4ab142e3b0b698fe62d08c3701e811e912fc52585a86b9d5de0a3a98f8c3d1a46a9dc79604f686f5bc1e6a840a7825d53e4a58fd12485ece054294c75bac93c83ba2dd0f38a19c79ad71b41abe9a07217efb19afa95ec73d6da961f6dd221b16e73789933f1fe0ab219a02c1db0facd418d89ca815183e342f8ae827a2218dd99def815b85b433ed21035b3d9f76a9039137b1b1c734e4a0146cf7587dca6d3dbd420295dc5c121a1472d82c9f547ee29a69b12435bc04b37e92d899106e48b05d67c58d162a2bcae1d0bd0258370c471fc8eb09a931e8ddcb530eb77fbfaf9be0849a95c44efcb942c7325963ddde4b0fab65c82ec52943fc2f8f0872f5cedead05ed7c1dc93d70987d095f07201e96a686d63584c1d53542ab7f25b06ce3c2f25747b96cbb148057c1be77550f346ecb4f60156f242e5a2d65c60305840baa548a74c789e106f6790d70d44a35aa7f61c315ac9b5a54c2979737b816da2c6b9e75115287b5ebe14ea75e82393958bbcd3b05865b0f991a14e25e60963490e7cf8069cfc69ff71918d9671864e1cf7d24b040dd7d426c9937aaf794e28068bd6de6755c3c897b20dc92482d55571aa332269d07d7905d54fa095ea8e66e2396242edac28f6ae6dd071f3c2a170a5f0f47985d20e661ea8cd500b56d5d2a941b175b05d2af8364391a45cccc6c8ec105bfd109ceae127c85d37786f83b552a88bd78b6049fddb1888215ab69ed7f830f8b3f46d1b5b0da6ae0626ef3d80b717ce8a3ab0380067e2ed343e9f314ed99f84cada5851b0b15a617c1e37df64662751e616ca2aed8f43602815c30ebbe9f0d4390df7a7e961dff9febd73a2f57e7fe8ec87c3dd7068b1bb6108283821b27cabed078eeff806edb66f598ee3f816ad6964947aa280c18dc119a2401a66a2c11084f81c06c208512e9f29f7df5f43a72f3730fe1b8c2837c36e62d4cd44f89ab999c4e76c7c27dbe00664246cf0f5c905bb41dcdf10d758fa05c1ee22d4a9fdc67df144202001a87d01eeede10d3ce17ffe59c14ff23c65d0100449330000000049454e44ae426082),
('Poutrelle', 75, 0x89504e470d0a1a0a0000000d494844520000003200000032080300000029e17883000000c3504c5445f6f6f6fffffff8f8f8fdfdfdfbfbfbf4f4f4f0f0f0ebebebc7c7c7e1e1e18b8b8bdadada929292a4a4a4adadad8d8d8d4d4d4dbfbfbf4e4e4e898989ededede3e3e3a6a6a6464646e5e5e5dcdcdc4a4a4aa8a8a8dedede8f8f8fe7e7e7afafafbcbcbc8787874b4b4bc2c2c2cbcbcbcdcdcdbababa7c7c7cd7d7d7848484434343c9c9c9aaaaaa808080d5d5d5d1d1d1cfcfcf9d9d9d959595c4c4c4a1a1a1676767b4b4b4b1b1b17777775050506f6f6f3f3f3f5e5e5e5353539797976161615b5b5b47a6ebca000004284944415448c79596097ba2400c86934c66286055443c10b05eabaef5ecb13df6faffbf6a434ab7b6b67d7623ccc9cb3799647804443486f53a322eadaccb7179403bda4284b20b560c88e095e90001694b0b164010969e550440eeaa7caeadfc744eee922a19108299c4aa97ca5dc96983a52ca7ab6156c402ab0e3847e064ca39e93907a43581753a6df5b5ba3060926ee927b221432c1592facaa88b673164a7424655882cfbd3d56eb69a6e3767b3ed74379b4e67bbddd566379d4eb7abd976369b9e85d62a52a9b0fbfd987eed7eed761f5bddee53ebeb634b4a694a3fed8e1f7f24f48ca8db45f38b5b0e8bfe26f677a330f3863fddf51ef6c35e982c67d972e12767a9cf96e119b1ec35a7785821db067b391b9c0c7078898389f894171c3883fda6cf472a40bdd6c3e8f70aa11d5bbf0116bf9c63bd839d082d34128a3d308bb788777f5b8c56c6ba0092c0024647484f91f00dc2ed748ab589a8045c1c21bab084e3f63b48d13ac3da19920bfc5d4c162f1419d4bd2c1c1570a262098cf78480bbabe57376a52f43a1eef6b59f0f857d0fe167a4dd30bd25a8cab083f5091aae259f235e607bb10555115f2ed041eedba0fd1992531230e9260f70708160473d1a7964c2966fde455c837ac1d3c206033c8f8cb30751f12c8669c61f20e0dd2c47c14d07bf0915c9f4fc6efde09cd9b632fe506594f9deb74bac8bfb5fd041b0f56367d0bf0fcd2972a548923361748db7eb687e858e1a05ce3bf5dbce387941e05825a05ea38cbe2c6c1ecd273292f779dd19de5ea73ed98f90c05a9cc8260fb11ea193b8b8d84a26ffc80c7c8c004e6ab01fc83e7b5916172e6e5bdedcfb864e90151adb8044915ff18decc0cd68bd7e48a0e111495ce84425bf00cf8f259460ab4c3e8fd0dadca7c00187e92bc49af658546e96ebbbb9f105a9a2df29e322e7256813fe4d1863540592d6b0584e9cd70f381969f42bc4c231c2cccf882d5af3c3af990197bb24fe04318c1542de8f191eaeca4c46ef13158306ffba2fbee46768ddfcf67c4d952f9a63c78865014e72ec6e9f2fc955c8e50b621411e7df22541cd0d3e4afce8bb1af10c653c4359c3f025095cb131578070197835fa97cdbe3f5e40d629e1110a4597d2e6a9434048904f9def83e410b817ec770d1cc58bd7f83685ac60078d1c1e1359eebc23e43aec497f809899edc975329087d881cae0cb4c5970638bcb8d64f5f84cee60948f2e3a2f51aa1f6fdb40ca5b1b9f102c318e9d91f4668cca830b145eca72f085b22f6d26112d7fd70b6de9ccdb71bfff2e0ed6b5ead9e2d36a349b85c2dc268dc3f56b1ecdda4e9b8db4cc7e36eda953b4dbbf7dd6e732c75d995f1f1f7828e55085c3f0bfb6261d8f7b3be147a49235b64daf23db2e645458c0cebdf15ad8991998889a5a3c68c64e1af0a582081ac1a540568f13202e5a5089b12b1f06fa688316098e03f10c3821881fe4f45ab7f347d16fe00812c62a07cd11c060000000049454e44ae426082);

-- --------------------------------------------------------

--
-- Structure de la table `projet`
--

CREATE TABLE `projet` (
  `refProjet` varchar(20) NOT NULL,
  `nom` varchar(45) NOT NULL,
  `dateCreation` varchar(25) NOT NULL,
  `dateModification` varchar(25) NOT NULL,
  `refClient` varchar(20) NOT NULL,
  `refCommercial` varchar(20) NOT NULL
) ENGINE=InnoDB DEFAULT CHARSET=utf8;

--
-- Contenu de la table `projet`
--

INSERT INTO `projet` (`refProjet`, `nom`, `dateCreation`, `dateModification`, `refClient`, `refCommercial`) VALUES
('PRO001', 'Maison Familiale', '10-10-2016', '10-10-2016', 'CLI001', 'COM003'),
('PRO002', 'Maison Vacance', '11-10-2016', '11-10-2016', 'CLI003', 'COM003'),
('PRO003', 'Maison Montagne', '12-10-2016', '12-10-2016', 'CLI003', 'COM003'),
('PRO004', 'Maison Mer', '13-10-2016', '13-10-2016', 'CLI004', 'COM003'),
('PRO005', 'Maison Secondaire', '14-10-2016', '14-10-2016', 'CLI004', 'COM003');

-- --------------------------------------------------------

--
-- Structure de la table `slot`
--

CREATE TABLE `slot` (
  `idSlot` int(11) NOT NULL,
  `numSlotPosition` int(11) NOT NULL,
  `label` varchar(45) NOT NULL,
  `contenu` varchar(45) NOT NULL,
  `parent` varchar(45) NOT NULL,
  `idMetaSlot` int(11) NOT NULL
) ENGINE=InnoDB DEFAULT CHARSET=utf8;

--
-- Index pour les tables exportées
--

--
-- Index pour la table `client`
--
ALTER TABLE `client`
  ADD PRIMARY KEY (`refClient`),
  ADD UNIQUE KEY `refClient` (`refClient`);

--
-- Index pour la table `commercial`
--
ALTER TABLE `commercial`
  ADD PRIMARY KEY (`refCommercial`),
  ADD UNIQUE KEY `refCommercial` (`refCommercial`);

--
-- Index pour la table `composant`
--
ALTER TABLE `composant`
  ADD PRIMARY KEY (`id_composant`),
  ADD KEY `composant_ibfk_1` (`nomFamilleComposant`);

--
-- Index pour la table `coupeprincipe`
--
ALTER TABLE `coupeprincipe`
  ADD PRIMARY KEY (`id_coupe`);

--
-- Index pour la table `couverture`
--
ALTER TABLE `couverture`
  ADD PRIMARY KEY (`typeCouverture`),
  ADD UNIQUE KEY `typeCouverture` (`typeCouverture`);

--
-- Index pour la table `devis`
--
ALTER TABLE `devis`
  ADD PRIMARY KEY (`refDevis`),
  ADD UNIQUE KEY `refDevis` (`refDevis`),
  ADD KEY `devis_ibfk_1` (`refPlan`),
  ADD KEY `devis_ibfk_2` (`refProjet`),
  ADD KEY `devis_ibfk_3` (`refClient`),
  ADD KEY `devis_ibfk_4` (`refCommercial`);

--
-- Index pour la table `famillecomposant`
--
ALTER TABLE `famillecomposant`
  ADD PRIMARY KEY (`nom`);

--
-- Index pour la table `gamme`
--
ALTER TABLE `gamme`
  ADD PRIMARY KEY (`nom`),
  ADD UNIQUE KEY `nom` (`nom`);

--
-- Index pour la table `metamodule`
--
ALTER TABLE `metamodule`
  ADD PRIMARY KEY (`refMetaModule`),
  ADD KEY `metamodule_ibfk_1` (`nomGamme`);

--
-- Index pour la table `metamodul_has_metaslot`
--
ALTER TABLE `metamodul_has_metaslot`
  ADD PRIMARY KEY (`id_composition`),
  ADD KEY `ibfk_1` (`refMetaModule`),
  ADD KEY `ibfk_2` (`idMetaSlot`);

--
-- Index pour la table `metaslot`
--
ALTER TABLE `metaslot`
  ADD PRIMARY KEY (`idMetaSlot`),
  ADD KEY `metaslot_ibfk_1` (`refMetaModule`);

--
-- Index pour la table `module`
--
ALTER TABLE `module`
  ADD PRIMARY KEY (`id_module`),
  ADD KEY `module_ibfk_1` (`refMetaModule`),
  ADD KEY `module_ibfk_2` (`refPlan`);

--
-- Index pour la table `plan`
--
ALTER TABLE `plan`
  ADD PRIMARY KEY (`refPlan`),
  ADD UNIQUE KEY `refPlan` (`refPlan`),
  ADD KEY `plan_ibfk_1` (`refProjet`),
  ADD KEY `plan_ibfk_4` (`typeCouverture`),
  ADD KEY `plan_ibfk_5` (`id_coupe`),
  ADD KEY `plan_ibfk_6` (`typePlancher`),
  ADD KEY `plan_ibfk_7` (`nomGamme`);

--
-- Index pour la table `plancher`
--
ALTER TABLE `plancher`
  ADD PRIMARY KEY (`typePlancher`),
  ADD UNIQUE KEY `typePlancher` (`typePlancher`);

--
-- Index pour la table `projet`
--
ALTER TABLE `projet`
  ADD PRIMARY KEY (`refProjet`),
  ADD UNIQUE KEY `refProjet` (`refProjet`),
  ADD KEY `projet_ibfk_1` (`refClient`),
  ADD KEY `projet_ibfk_2` (`refCommercial`);

--
-- Index pour la table `slot`
--
ALTER TABLE `slot`
  ADD PRIMARY KEY (`idSlot`),
  ADD KEY `slot_ibfk_3` (`idMetaSlot`);

--
-- AUTO_INCREMENT pour les tables exportées
--

--
-- AUTO_INCREMENT pour la table `composant`
--
ALTER TABLE `composant`
  MODIFY `id_composant` int(11) NOT NULL AUTO_INCREMENT, AUTO_INCREMENT=17;
--
-- AUTO_INCREMENT pour la table `coupeprincipe`
--
ALTER TABLE `coupeprincipe`
  MODIFY `id_coupe` int(11) NOT NULL AUTO_INCREMENT, AUTO_INCREMENT=8;
--
-- AUTO_INCREMENT pour la table `metamodul_has_metaslot`
--
ALTER TABLE `metamodul_has_metaslot`
  MODIFY `id_composition` int(11) NOT NULL AUTO_INCREMENT;
--
-- AUTO_INCREMENT pour la table `slot`
--
ALTER TABLE `slot`
  MODIFY `idSlot` int(11) NOT NULL AUTO_INCREMENT;
--
-- Contraintes pour les tables exportées
--

--
-- Contraintes pour la table `composant`
--
ALTER TABLE `composant`
  ADD CONSTRAINT `composant_ibfk_1` FOREIGN KEY (`nomFamilleComposant`) REFERENCES `famillecomposant` (`nom`) ON DELETE NO ACTION ON UPDATE CASCADE;

--
-- Contraintes pour la table `devis`
--
ALTER TABLE `devis`
  ADD CONSTRAINT `devis_ibfk_1` FOREIGN KEY (`refPlan`) REFERENCES `plan` (`refPlan`) ON DELETE NO ACTION ON UPDATE CASCADE,
  ADD CONSTRAINT `devis_ibfk_2` FOREIGN KEY (`refProjet`) REFERENCES `plan` (`refProjet`) ON DELETE NO ACTION ON UPDATE CASCADE;

--
-- Contraintes pour la table `metamodule`
--
ALTER TABLE `metamodule`
  ADD CONSTRAINT `metamodule_ibfk_1` FOREIGN KEY (`nomGamme`) REFERENCES `gamme` (`nom`) ON DELETE CASCADE ON UPDATE CASCADE;

--
-- Contraintes pour la table `metamodul_has_metaslot`
--
ALTER TABLE `metamodul_has_metaslot`
  ADD CONSTRAINT `ibfk_1` FOREIGN KEY (`refMetaModule`) REFERENCES `metamodule` (`refMetaModule`) ON DELETE NO ACTION ON UPDATE CASCADE,
  ADD CONSTRAINT `ibfk_2` FOREIGN KEY (`idMetaSlot`) REFERENCES `metaslot` (`idMetaSlot`) ON DELETE NO ACTION ON UPDATE CASCADE;

--
-- Contraintes pour la table `metaslot`
--
ALTER TABLE `metaslot`
  ADD CONSTRAINT `metaslot_ibfk_1` FOREIGN KEY (`refMetaModule`) REFERENCES `metamodule` (`refMetaModule`) ON DELETE NO ACTION ON UPDATE CASCADE;

--
-- Contraintes pour la table `module`
--
ALTER TABLE `module`
  ADD CONSTRAINT `module_ibfk_1` FOREIGN KEY (`refMetaModule`) REFERENCES `metamodule` (`refMetaModule`) ON DELETE NO ACTION ON UPDATE CASCADE,
  ADD CONSTRAINT `module_ibfk_2` FOREIGN KEY (`refPlan`) REFERENCES `plan` (`refPlan`) ON DELETE NO ACTION ON UPDATE CASCADE;

--
-- Contraintes pour la table `plan`
--
ALTER TABLE `plan`
  ADD CONSTRAINT `plan_ibfk_1` FOREIGN KEY (`refProjet`) REFERENCES `projet` (`refProjet`) ON DELETE NO ACTION ON UPDATE CASCADE,
  ADD CONSTRAINT `plan_ibfk_4` FOREIGN KEY (`typeCouverture`) REFERENCES `couverture` (`typeCouverture`) ON DELETE NO ACTION ON UPDATE CASCADE,
  ADD CONSTRAINT `plan_ibfk_5` FOREIGN KEY (`id_coupe`) REFERENCES `coupeprincipe` (`id_coupe`) ON DELETE NO ACTION ON UPDATE CASCADE,
  ADD CONSTRAINT `plan_ibfk_6` FOREIGN KEY (`typePlancher`) REFERENCES `plancher` (`typePlancher`) ON DELETE NO ACTION ON UPDATE CASCADE,
  ADD CONSTRAINT `plan_ibfk_7` FOREIGN KEY (`nomGamme`) REFERENCES `gamme` (`nom`) ON DELETE NO ACTION ON UPDATE CASCADE;

--
-- Contraintes pour la table `projet`
--
ALTER TABLE `projet`
  ADD CONSTRAINT `projet_ibfk_1` FOREIGN KEY (`refClient`) REFERENCES `client` (`refClient`) ON DELETE NO ACTION ON UPDATE CASCADE,
  ADD CONSTRAINT `projet_ibfk_2` FOREIGN KEY (`refCommercial`) REFERENCES `commercial` (`refCommercial`) ON DELETE NO ACTION ON UPDATE CASCADE;

--
-- Contraintes pour la table `slot`
--
ALTER TABLE `slot`
  ADD CONSTRAINT `slot_ibfk_3` FOREIGN KEY (`idMetaSlot`) REFERENCES `metaslot` (`idMetaSlot`) ON DELETE NO ACTION ON UPDATE CASCADE;

/*!40101 SET CHARACTER_SET_CLIENT=@OLD_CHARACTER_SET_CLIENT */;
/*!40101 SET CHARACTER_SET_RESULTS=@OLD_CHARACTER_SET_RESULTS */;
/*!40101 SET COLLATION_CONNECTION=@OLD_COLLATION_CONNECTION */;